,Network,User,Date,Text,Positive,Neutral,Negative,Compound
0,@CNN,Nitin Deshmukh?,Fri Sep 22 05:08:07 +0000 2017,RT @CNN: Sean Spicer doesn't believe he ever lied to the American people during his time as White House press secretary https://t.co/XSdviI…,0.0,0.89,0.11,-0.3818
1,@CNN,ASHLEY GRAY,Fri Sep 22 05:08:06 +0000 2017,RT @CNN: N. Korean foreign minister hinted the country could test hydrogen bomb over Pacific. @PHancocksCNN with the latest https://t.co/7r…,0.0,0.856,0.144,-0.4939
2,@CNN,LP,Fri Sep 22 05:08:03 +0000 2017,@ufalldownalot @CNN And that's why the overwhelming majority want to keep Obamacare because it works. Can you explain that?,0.067,0.933,0.0,0.0772
3,@CNN,Irma Nunez,Fri Sep 22 05:08:01 +0000 2017,@comunicaciondif @mileniotv @PresidenciaMX @aristeguicnn @AristeguiOnline @locatel_mx @CNN y así están las cosas co… https://t.co/gya7pRNr1P,0.0,1.0,0.0,0.0
4,@CNN,Shawn and Krystal,Fri Sep 22 05:07:59 +0000 2017,@realDonaldTrump @congressdotgov @TheView @CNN  https://t.co/Qr78Nd4LNl,0.0,1.0,0.0,0.0
5,@CNN,DG,Fri Sep 22 05:07:57 +0000 2017,@CNN Gee I guess that number doesn't include Guam and maybe the West Coast. Or maybe they haven't gotten the word yet..,0.061,0.939,0.0,0.0772
6,@CNN,mario has nipples??,Fri Sep 22 05:07:56 +0000 2017,RT @CNN: K-pop group BTS' record-breaking album conquers three continents https://t.co/n6hcxSf9oT https://t.co/4Qo408BP8R,0.0,1.0,0.0,0.0
7,@CNN,Christian Ramirez,Fri Sep 22 05:07:55 +0000 2017,"RT @CNN: Trump praises South Korean president's use of the word ""deplorable"" to describe North Korea's actions https://t.co/3aP6RP4GAY http…",0.159,0.841,0.0,0.5267
8,@CNN,William,Fri Sep 22 05:07:52 +0000 2017,@CNN  https://t.co/uECDyMedEG,0.0,1.0,0.0,0.0
9,@CNN,Trump sucks cock,Fri Sep 22 05:07:51 +0000 2017,@CNN What? Russians have a pee tape on him too?,0.0,1.0,0.0,0.0
10,@CNN,Goddess Zelda,Fri Sep 22 05:07:49 +0000 2017,RT @CNN: K-pop group BTS' record-breaking album conquers three continents https://t.co/n6hcxSf9oT https://t.co/4Qo408BP8R,0.0,1.0,0.0,0.0
11,@CNN,Shelley Smith,Fri Sep 22 05:07:46 +0000 2017,"RT @CNN: JUST IN: Sens. Graham &amp; Cassidy will debate Sens. Sanders &amp; Klobuchar on health care in live CNN event, Monday 9p ET https://t.co/…",0.118,0.882,0.0,0.4939
12,@CNN,Richard Oliver,Fri Sep 22 05:07:45 +0000 2017,"RT @WeWantTrump2020: BREAKING: Private pilot spots this while flying over southern New York 

Zoom in, it reads ""F U @CNN"" 

RETWEET/Share…",0.0,1.0,0.0,0.0
13,@CNN,? Adam van Noordt ?,Fri Sep 22 05:07:45 +0000 2017,"@leewochner @CNN I do it all the time.. ""I'm not going to drink tonigt"""" inner me ""bull fucking shit your not""",0.0,0.83,0.17,-0.5984
14,@CNN,Antifa Jesus,Fri Sep 22 05:07:43 +0000 2017,RT @nicholeb2000: @CNN Trump would know about deplorables.,0.0,1.0,0.0,0.0
15,@CNN,GenX Geoff,Fri Sep 22 05:07:42 +0000 2017,@CNN Can we play him some video???,0.329,0.671,0.0,0.4479
16,@CNN,Gregory R Mottola,Fri Sep 22 05:07:40 +0000 2017,@CNN There's that word again.... so Trump supporters = North Koreans???,0.292,0.708,0.0,0.5745
17,@CNN,Shawn and Krystal,Fri Sep 22 05:07:39 +0000 2017,@realDonaldTrump @congressdotgov @TheView @CNN  https://t.co/PbaqJNpI5N,0.0,1.0,0.0,0.0
18,@CNN,Eagle,Fri Sep 22 05:07:38 +0000 2017,"@Newsweek Lol..""LIST OF Desperates"" @colbertlateshow @jimmykimmel @CNN @billmaher @Trevornoah @donlemon… https://t.co/SyDoOztZaz",0.0,1.0,0.0,0.0
19,@CNN,Antifa Jesus,Fri Sep 22 05:07:35 +0000 2017,"RT @NobleShitzoo: @CNN Trump just equated his voters with that of North Koreans... 

Get a basket for them!",0.0,1.0,0.0,0.0
20,@CNN,Liomir,Fri Sep 22 05:07:32 +0000 2017,@CNN @POTUS Why can't this man be our #President ?!? #ThisIsWhatAPresidentLooksLike,0.0,1.0,0.0,0.0
21,@CNN,John Oranovsky,Fri Sep 22 05:07:31 +0000 2017,@CNN CNN try to use tenses correctly. Man was helping or man is helping maybe man helps. Good luck!,0.47,0.463,0.068,0.8832
22,@CNN,Scandalf the Orange,Fri Sep 22 05:07:30 +0000 2017,@CNN Which is another lie,0.0,1.0,0.0,0.0
23,@CNN,9??5?? Sundjata Suma,Fri Sep 22 05:07:29 +0000 2017,RT @CNN: Sean Spicer doesn't believe he ever lied to the American people during his time as White House press secretary https://t.co/XSdviI…,0.0,0.89,0.11,-0.3818
24,@CNN,blm,Fri Sep 22 05:07:27 +0000 2017,RT @CNN: K-pop group BTS' record-breaking album conquers three continents https://t.co/n6hcxSf9oT https://t.co/4Qo408BP8R,0.0,1.0,0.0,0.0
25,@CNN,bob wilson,Fri Sep 22 05:07:24 +0000 2017,RT @CNN: N. Korean foreign minister hinted the country could test hydrogen bomb over Pacific. @PHancocksCNN with the latest https://t.co/7r…,0.0,0.856,0.144,-0.4939
26,@CNN,Leke,Fri Sep 22 05:07:24 +0000 2017,RT @CNN: Nigerian man helping hundreds of Boko Haram orphans earns UN’s highest honor https://t.co/w7uAf0aHNj https://t.co/W4AMQOKJoK,0.278,0.722,0.0,0.6597
27,@CNN,Fran,Fri Sep 22 05:07:24 +0000 2017,@CNN He just didn't tell the truth??? Or was it alternative facts??,0.0,0.79,0.21,-0.4445
28,@CNN,Harballsohard,Fri Sep 22 05:07:23 +0000 2017,@CNN That's a lie,0.0,1.0,0.0,0.0
29,@CNN,??Liz??,Fri Sep 22 05:07:19 +0000 2017,RT @CNN: K-pop group BTS' record-breaking album conquers three continents https://t.co/n6hcxSf9oT https://t.co/4Qo408BP8R,0.0,1.0,0.0,0.0
30,@CNN,Connie White,Fri Sep 22 05:07:18 +0000 2017,"RT @AHamiltonSpirit: @JamesIsaak2 @Lesmitch529 @FoxNews @POTUS KOCH BROS BRIBE GOP-400M to cut ACA for tax cuts. @CNN @Maddow
?https://t.co…",0.0,0.701,0.299,-0.7034
31,@CNN,Rogue ?,Fri Sep 22 05:07:18 +0000 2017,@mlj2014yea @CNN Well Trump has supported democrats including Clinton over the years.,0.306,0.694,0.0,0.5267
32,@CNN,Fox Pup,Fri Sep 22 05:07:15 +0000 2017,RT @DeplorableKlary: @WeWantTrump2020 @CNN omg lmao!!!!!,0.0,1.0,0.0,0.0
33,@CNN,Scotty ?,Fri Sep 22 05:07:15 +0000 2017,RT @WORLDSTAR: North Korea out here wildin'! ?? @CNN https://t.co/dC3GAWoe3y,0.0,1.0,0.0,0.0
34,@CNN,L.M. PO'd mf'er,Fri Sep 22 05:07:11 +0000 2017,@CNN  https://t.co/KPY2h6wO1d,0.0,1.0,0.0,0.0
35,@CNN,Nanda,Fri Sep 22 05:07:10 +0000 2017,"RT @chiIIum: @CNN ??Who's signature is this? ?Says right there you can't do that, Clapper...by LAW. ????? https://t.co/ewMT97lHVG https://t…",0.0,1.0,0.0,0.0
36,@CNN,Rinaldo Delmonte,Fri Sep 22 05:07:09 +0000 2017,"@CNN Kim jong irresponsabile demone lo stesso mare ti distruggerà !!!! Sei solo un lucido demone folle ,l'inferno t… https://t.co/eVKrd3mrXl",0.0,1.0,0.0,0.0
37,@CNN,Ozan Akdag,Fri Sep 22 05:07:08 +0000 2017,@TechieWidget @WORLDSTAR @CNN They sent a missil that flew over Japan before,0.0,1.0,0.0,0.0
38,@CNN,Yuka Kimura,Fri Sep 22 05:07:06 +0000 2017,RT @CNN: N. Korean foreign minister hinted the country could test hydrogen bomb over Pacific. @PHancocksCNN with the latest https://t.co/7r…,0.0,0.856,0.144,-0.4939
39,@CNN,Fox Pup,Fri Sep 22 05:07:06 +0000 2017,"RT @WeWantTrump2020: BREAKING: Private pilot spots this while flying over southern New York 

Zoom in, it reads ""F U @CNN"" 

RETWEET/Share…",0.0,1.0,0.0,0.0
40,@CNN,Mike Anderson,Fri Sep 22 05:07:05 +0000 2017,@CNN  https://t.co/J7mqN9GIGf,0.0,1.0,0.0,0.0
41,@CNN,Gabriel Bar,Fri Sep 22 05:07:05 +0000 2017,@CNN  https://t.co/tw7CN7wsWg,0.0,1.0,0.0,0.0
42,@CNN,MiMi,Fri Sep 22 05:07:03 +0000 2017,"RT @AungAungShwe: @CNN Looks, how they destroyed Boder fences!! https://t.co/0wwS3ROo46",0.0,0.704,0.296,-0.5837
43,@CNN,???,Fri Sep 22 05:07:02 +0000 2017,"RT @CNN: Trump praises South Korean president's use of the word ""deplorable"" to describe North Korea's actions https://t.co/3aP6RP4GAY http…",0.159,0.841,0.0,0.5267
44,@CNN,5DoxMom_SSW,Fri Sep 22 05:07:02 +0000 2017,RT @SafetyPinDaily: Puerto Rico's other big problem? Congress  | Via @CNN https://t.co/zV7MZdd2Sc,0.0,0.787,0.213,-0.4019
45,@CNN,Waddy,Fri Sep 22 05:07:02 +0000 2017,@CNN Naw. Deplorable was when people voted for Trump.,0.0,1.0,0.0,0.0
46,@CNN,Donovan Ellis,Fri Sep 22 05:06:59 +0000 2017,@KDOthecoolkid @KrisScooter1063 @CNN They wont get a nuke off at an actual target. Dont care who said it first its a funny nickname.,0.243,0.757,0.0,0.7269
47,@CNN,Arole'badan,Fri Sep 22 05:06:58 +0000 2017,@CNN Really? You didn't lie but was a proponent of @alternativefacts? https://t.co/FKGTesShjR,0.0,1.0,0.0,0.0
48,@CNN,LP,Fri Sep 22 05:06:57 +0000 2017,"@ufalldownalot @CNN @tedcruz If you can't understand the process of an investigation, gathering facts and presentin… https://t.co/Qc14lJZqlN",0.0,1.0,0.0,0.0
49,@CNN,Herbert Henderson,Fri Sep 22 05:06:56 +0000 2017,@CNN I have seen too many people hurt by ACA. POTUS Obama had his chance. He blew it. We need to rid all partisansh… https://t.co/G0CC2aTyBQ,0.073,0.803,0.124,-0.34
50,@CNN,V,Fri Sep 22 05:06:53 +0000 2017,"@CNN That’s why he shouldn’t have been on the Emmys, no remorse for the part he played in the current regime.",0.097,0.729,0.174,-0.2263
51,@CNN,? Adam van Noordt ?,Fri Sep 22 05:06:52 +0000 2017,RT @8675309TuTone: @CNN  https://t.co/E7LedE5GWj,0.0,1.0,0.0,0.0
52,@CNN,Shaky,Fri Sep 22 05:06:51 +0000 2017,@CNN @PHancocksCNN Da only Superpower sits by n allow this from North Korea. I have lost hope for America's world leadership.,0.208,0.693,0.1,0.3612
53,@CNN,Austin Ernst,Fri Sep 22 05:06:50 +0000 2017,"RT @CNN: JUST IN: Sens. Graham &amp; Cassidy will debate Sens. Sanders &amp; Klobuchar on health care in live CNN event, Monday 9p ET https://t.co/…",0.118,0.882,0.0,0.4939
54,@CNN,Taslima,Fri Sep 22 05:06:48 +0000 2017,RT @CNN: K-pop group BTS' record-breaking album conquers three continents https://t.co/n6hcxSf9oT https://t.co/4Qo408BP8R,0.0,1.0,0.0,0.0
55,@CNN,Jeremy Dubois,Fri Sep 22 05:06:47 +0000 2017,Way to go @CNN with the #HarveyLike Flooding! Short term memory much!,0.0,1.0,0.0,0.0
56,@CNN,Jo Leland,Fri Sep 22 05:06:47 +0000 2017,@VickiePaladino @KikiHavens @PrestonCNN @LindseyGrahamSC @BillCassidy @SenSanders @amyklobuchar @CNN Just the fact… https://t.co/uw93z4mdOX,0.0,1.0,0.0,0.0
57,@CNN,love yourself,Fri Sep 22 05:06:45 +0000 2017,RT @CNN: K-pop group BTS' record-breaking album conquers three continents https://t.co/n6hcxSf9oT https://t.co/4Qo408BP8R,0.0,1.0,0.0,0.0
58,@CNN,? Adam van Noordt ?,Fri Sep 22 05:06:44 +0000 2017,"@Weinsteinlaw @CNN He must be in ""Tyrone Biggins"". Diet of peanut butter and crack sandwiches",0.0,1.0,0.0,0.0
59,@CNN,NAMJOON?,Fri Sep 22 05:06:42 +0000 2017,RT @CNN: K-pop group BTS' record-breaking album conquers three continents https://t.co/n6hcxSf9oT https://t.co/4Qo408BP8R,0.0,1.0,0.0,0.0
60,@CNN,TheDon45,Fri Sep 22 05:06:42 +0000 2017,"RT @SusanStormXO: ?NEW LOGO OF #MSM ?

SMELL SH?T
Shoveled Fresh
Its all we serve @CNN @ABC @NBCNews @maddow @CBS 
Fresh Hot Piles of Poo D…",0.167,0.833,0.0,0.5574
61,@CNN,Rebecca Auge,Fri Sep 22 05:06:39 +0000 2017,RT @CNN: Sean Spicer doesn't believe he ever lied to the American people during his time as White House press secretary https://t.co/XSdviI…,0.0,0.89,0.11,-0.3818
62,@CNN,Yvonne Martin,Fri Sep 22 05:06:38 +0000 2017,RT @CNN: Canadian PM Justin Trudeau offers a rallying cry for the fight against climate change and makes a dig at the US https://t.co/b0qWP…,0.0,0.778,0.222,-0.6908
63,@CNN,??MadAsHell?,Fri Sep 22 05:06:36 +0000 2017,@starbuck13502 @CNNPolitics @LindseyGrahamSC @CNN @SenKamalaHarris @RepJoeKennedy Accepted from younger more lively… https://t.co/SexzmZzuTG,0.16,0.84,0.0,0.2732
64,@CNN,MiMi,Fri Sep 22 05:06:34 +0000 2017,RT @AungAungShwe: @CNN  https://t.co/kCNVYpa6NT,0.0,1.0,0.0,0.0
65,@CNN,G. E. Brayman,Fri Sep 22 05:06:32 +0000 2017,@CNN Two totally clueless Koch Brother servants that are selling out millions of US citizens to satisfy the whims o… https://t.co/K3OTZghRPJ,0.121,0.766,0.113,0.0534
66,@CNN,Kevin Kroger,Fri Sep 22 05:06:32 +0000 2017,@CNN he's a fucking moron then,0.0,0.534,0.466,-0.5413
67,@CNN,KatherineB,Fri Sep 22 05:06:31 +0000 2017,@pet01 @MeGminor @hannahtraining @PrestonCNN @LindseyGrahamSC @BillCassidy @SenSanders @amyklobuchar @CNN I bet you… https://t.co/6hP2SiYPRx,0.0,1.0,0.0,0.0
68,@CNN,Antifa Jesus,Fri Sep 22 05:06:31 +0000 2017,"RT @CNN: Trump praises South Korean president's use of the word ""deplorable"" to describe North Korea's actions https://t.co/3aP6RP4GAY http…",0.159,0.841,0.0,0.5267
69,@CNN,??? ?????? ??????,Fri Sep 22 05:06:30 +0000 2017,RT @CNN: Sean Spicer doesn't believe he ever lied to the American people during his time as White House press secretary https://t.co/XSdviI…,0.0,0.89,0.11,-0.3818
70,@CNN,Tim Lee,Fri Sep 22 05:06:29 +0000 2017,@CNN Wow! This proves again Republican will just lie in front of your face without any shame.,0.307,0.693,0.0,0.7681
71,@CNN,Sooz,Fri Sep 22 05:06:24 +0000 2017,"RT @CNN: Trump praises South Korean president's use of the word ""deplorable"" to describe North Korea's actions https://t.co/3aP6RP4GAY http…",0.159,0.841,0.0,0.5267
72,@CNN,Paul,Fri Sep 22 05:06:24 +0000 2017,@ViLife101 @Read_N_Learn @CNN And that's BEFORE funding expires,0.0,1.0,0.0,0.0
73,@CNN,McKenzi,Fri Sep 22 05:06:24 +0000 2017,Attorney: Tests show Aaron Hernandez had CTE @CNN https://t.co/FeawECk6DB,0.0,1.0,0.0,0.0
74,@CNN,eecaventuras,Fri Sep 22 05:06:23 +0000 2017,#PuertoRico cleans up after Maria #HurricaneMaria #Caribbean Need #Help @CNN https://t.co/aU269zbhYd,0.0,1.0,0.0,0.0
75,@CNN,L. M. Gray,Fri Sep 22 05:06:22 +0000 2017,RT @CNN: Sean Spicer doesn't believe he ever lied to the American people during his time as White House press secretary https://t.co/XSdviI…,0.0,0.89,0.11,-0.3818
76,@CNN,???,Fri Sep 22 05:06:20 +0000 2017,RT @CNN: N. Korean foreign minister hinted the country could test hydrogen bomb over Pacific. @PHancocksCNN with the latest https://t.co/7r…,0.0,0.856,0.144,-0.4939
77,@CNN,Richard D. Cloutier,Fri Sep 22 05:06:20 +0000 2017,"@CNN @PHancocksCNN If North Korea drops and H-bomb, Trump might say an F-bomb.",0.0,1.0,0.0,0.0
78,@CNN,JCLover4Trump???,Fri Sep 22 05:06:19 +0000 2017,@CNN @Acosta @maddow @MSNBC @ABC @NBCNews @CBSNews https://t.co/kNJMtngEIH,0.0,1.0,0.0,0.0
79,@CNN,Kimpossible,Fri Sep 22 05:06:16 +0000 2017,@CNN Someone put together a montage of his press conferences and make him watch it ten times. Ten times. PHONY LIAR.,0.0,0.825,0.175,-0.6166
80,@CNN,Sherry,Fri Sep 22 05:06:15 +0000 2017,@Read_N_Learn @CNN @ananavarro Any politician who supports this bill needs to go home in 2018.,0.152,0.848,0.0,0.3612
81,@CNN,Paul Chapman,Fri Sep 22 05:06:14 +0000 2017,"@CNN I don't believe he believes that statement, #SeriouslySpicer",0.0,1.0,0.0,0.0
82,@CNN,Lucky Wilder,Fri Sep 22 05:06:13 +0000 2017,"@CNN Bwahhhhh,ha,ha,ha,ha!!!...Bwahhhhh,ha,ha,ha,ha!!!...Bwahhhhh,ha,ha,ha,ha!!!...Bwahhhhh,ha,ha,ha,ha!!!...Bwahhhhh,ha,ha,ha,ha!!!...",0.0,1.0,0.0,0.0
83,@CNN,CL,Fri Sep 22 05:06:12 +0000 2017,RT @CNN: N. Korean foreign minister hinted the country could test hydrogen bomb over Pacific. @PHancocksCNN with the latest https://t.co/7r…,0.0,0.856,0.144,-0.4939
84,@CNN,Ramon Johnson,Fri Sep 22 05:06:11 +0000 2017,Axelrod: I cried when they passed Obamacare @CNN https://t.co/pFErAW4fim,0.0,0.729,0.271,-0.3818
85,@CNN,Patricia Villaescusa,Fri Sep 22 05:06:09 +0000 2017,@CNN @ananavarro The American people want and deserve the same exact health care program Congress have??,0.243,0.757,0.0,0.5423
86,@CNN,G. Willis,Fri Sep 22 05:06:05 +0000 2017,@CNN That's literally another lie.,0.0,1.0,0.0,0.0
87,@CNN,MaryCarmen Salazar,Fri Sep 22 05:06:04 +0000 2017,RT @CNN: Sean Spicer doesn't believe he ever lied to the American people during his time as White House press secretary https://t.co/XSdviI…,0.0,0.89,0.11,-0.3818
88,@CNN,andrea,Fri Sep 22 05:06:04 +0000 2017,RT @CNN: K-pop group BTS' record-breaking album conquers three continents https://t.co/DFeP6gHruI https://t.co/Ono4a24msA,0.0,1.0,0.0,0.0
89,@CNN,Gandalf the Grey,Fri Sep 22 05:06:03 +0000 2017,@Fuctupmind @SparkleSoup45 @InTheYear1611_ @StacyLStiles @ManMountain78R3 @loganSC83 @Flewbys @CovfefeD… https://t.co/3e8fLAc6hk,0.0,1.0,0.0,0.0
90,@CNN,Patricio correa,Fri Sep 22 05:06:03 +0000 2017,RT @CNN: N. Korea's foreign minister warns Pyongyang could test a hydrogen bomb over Pacific in response to Trump's UN speech https://t.co/…,0.0,0.805,0.195,-0.5574
91,@CNN,Mia Coleman,Fri Sep 22 05:06:03 +0000 2017,"@Sweat261 @CNN Let's not nickname North Korea ""NoKo.""",0.0,1.0,0.0,0.0
92,@CNN,Rip?,Fri Sep 22 05:06:02 +0000 2017,RT @CNN: K-pop group BTS' record-breaking album conquers three continents https://t.co/n6hcxSf9oT https://t.co/4Qo408BP8R,0.0,1.0,0.0,0.0
93,@CNN,#THEMEDIALIEZ,Fri Sep 22 05:06:00 +0000 2017,one of your own .one of your best ( i don't say that often)/ NOBODY willing to REPORT? what if it were U? @CNN… https://t.co/52S8JKQvUA,0.172,0.828,0.0,0.6767
94,@CNN,afrodite.,Fri Sep 22 05:05:59 +0000 2017,RT @CNN: Puerto Rico is already in an 11-year economic recession. Now it must start rebuilding after Hurricane Maria. https://t.co/SjASltDw…,0.0,0.872,0.128,-0.4215
95,@CNN,Hiram Firem,Fri Sep 22 05:05:58 +0000 2017,@CNN Good for him,0.492,0.508,0.0,0.4404
96,@CNN,Dennis,Fri Sep 22 05:05:57 +0000 2017,@CNN I think the Brooklyn Bridge is for sale. If you believe that you will believe what this liar is saying. So he is a pathological liar.,0.0,0.748,0.252,-0.8294
97,@CNN,mario has nipples??,Fri Sep 22 05:05:56 +0000 2017,"RT @CNN: ""Classic Trix"" cereal with artificial flavors is coming back after customer complaints about the all-natural version https://t.co/…",0.0,0.87,0.13,-0.4019
98,@CNN,CHEESEPUFF!,Fri Sep 22 05:05:54 +0000 2017,@CNN @PHancocksCNN Water contamination at record levels.,0.0,1.0,0.0,0.0
99,@CNN,???,Fri Sep 22 05:05:53 +0000 2017,"RT @CNN: .@ananavarro on GOP health bill: ""I think it's flawed,"" but I hope at some point we get to a bipartisan compromise https://t.co/X4…",0.155,0.845,0.0,0.5927
100,@FoxNews,Paola Lyons,Fri Sep 22 05:08:07 +0000 2017,"RT @FoxNews: That moment when you think you're in trouble, but then the unexpected happens. https://t.co/08JVsbT4nu https://t.co/GTFjN6zaOt",0.0,0.896,0.104,-0.2144
101,@FoxNews,James Evans,Fri Sep 22 05:08:06 +0000 2017,"RT @FoxNews: .@seanhannity: ""It has now become evident, now more than ever, that in America, we have a two-tiered justice system."" #Hannity…",0.145,0.855,0.0,0.5267
102,@FoxNews,Empire Decline,Fri Sep 22 05:08:04 +0000 2017,RT @TuckerCarlson: I am still not sure how Russia hacked our Democracy #Tucker @FoxNews,0.0,0.702,0.298,-0.5664
103,@FoxNews,PamelaBourrell,Fri Sep 22 05:08:02 +0000 2017,"RT @FoxNews: .@jessebwatters on @POTUS bonding with world leaders: ""@BarackObama wasn't really a people person on the world stage."" @TheFiv…",0.0,1.0,0.0,0.0
104,@FoxNews,Brian Singh,Fri Sep 22 05:08:02 +0000 2017,"RT @FoxNews: That moment when you think you're in trouble, but then the unexpected happens. https://t.co/08JVsbT4nu https://t.co/GTFjN6zaOt",0.0,0.896,0.104,-0.2144
105,@FoxNews,ann,Fri Sep 22 05:08:02 +0000 2017,@amyserwinowski @Mike241075 @KaraLA @Luckeytiger14 @FoxNews the one who traded classified info illegally? let ameri… https://t.co/cbgnSBftqO,0.0,1.0,0.0,0.0
106,@FoxNews,Stevie T,Fri Sep 22 05:08:02 +0000 2017,RT @FoxNews: Animal Abusers Could Be Made to Register Like Sex Offenders https://t.co/M61OxvKnu7,0.134,0.538,0.328,-0.5574
107,@FoxNews,MADE-IN-AMERICA,Fri Sep 22 05:08:01 +0000 2017,RT @TuckerCarlson: I am still not sure how Russia hacked our Democracy #Tucker @FoxNews,0.0,0.702,0.298,-0.5664
108,@FoxNews,Absolutely TRUMP?,Fri Sep 22 05:08:00 +0000 2017,"RT @FoxNews: Gordon Chang: ""I think the North Koreans now are very concerned because what they're starting to see is that the US can exert…",0.0,1.0,0.0,0.0
109,@FoxNews,?????? ????????,Fri Sep 22 05:07:59 +0000 2017,"RT @FoxNews: That moment when you think you're in trouble, but then the unexpected happens. https://t.co/08JVsbT4nu https://t.co/GTFjN6zaOt",0.0,0.896,0.104,-0.2144
110,@FoxNews,Dee Violette,Fri Sep 22 05:07:58 +0000 2017,"RT @FoxNews: That moment when you think you're in trouble, but then the unexpected happens. https://t.co/08JVsbT4nu https://t.co/GTFjN6zaOt",0.0,0.896,0.104,-0.2144
111,@FoxNews,Maggie ?? Jeewoo,Fri Sep 22 05:07:58 +0000 2017,@TuckerCarlson @JamesTHarris @FoxNews I am completely obsessed w these #lyrics #maga #prophecy https://t.co/WZP8fwPyy5,0.0,0.834,0.166,-0.2484
112,@FoxNews,?????? ??????,Fri Sep 22 05:07:57 +0000 2017,"RT @FoxNews: That moment when you think you're in trouble, but then the unexpected happens. https://t.co/08JVsbT4nu https://t.co/GTFjN6zaOt",0.0,0.896,0.104,-0.2144
113,@FoxNews,Jennefer Lohmann,Fri Sep 22 05:07:56 +0000 2017,"RT @FoxNews: That moment when you think you're in trouble, but then the unexpected happens. https://t.co/08JVsbT4nu https://t.co/GTFjN6zaOt",0.0,0.896,0.104,-0.2144
114,@FoxNews,Sharon Nicolette,Fri Sep 22 05:07:55 +0000 2017,"RT @FoxNews: That moment when you think you're in trouble, but then the unexpected happens. https://t.co/08JVsbT4nu https://t.co/GTFjN6zaOt",0.0,0.896,0.104,-0.2144
115,@FoxNews,Douglas Reimann,Fri Sep 22 05:07:55 +0000 2017,"@1Check_Mate @FoxNews @MaxineWaters @POTUS I believe Maxine Waters is what UCB calls; ""diversity."" I call it; ""nuts.""",0.0,1.0,0.0,0.0
116,@FoxNews,Sean Wilson,Fri Sep 22 05:07:53 +0000 2017,"RT @EricLMitchell: Gorgeous, majestic white giraffes spotted, captured on video for first time ever @FoxNews - https://t.co/1hefxYADlG #Rar…",0.2,0.8,0.0,0.6124
117,@FoxNews,Eric Rasmussen,Fri Sep 22 05:07:51 +0000 2017,"RT @FoxNews: Teen returns wallet w/ $1500 cash. Woman in home said, ""It's sad that I didn't trust him to open my door when he was just doin…",0.0,0.812,0.188,-0.7005
118,@FoxNews,Repsh08,Fri Sep 22 05:07:50 +0000 2017,"@IngermarTurner @Jragga @FoxNews Yeah, Right",0.355,0.645,0.0,0.296
119,@FoxNews,????????? ????,Fri Sep 22 05:07:49 +0000 2017,"RT @FoxNews: That moment when you think you're in trouble, but then the unexpected happens. https://t.co/08JVsbT4nu https://t.co/GTFjN6zaOt",0.0,0.896,0.104,-0.2144
120,@FoxNews,????? ???????,Fri Sep 22 05:07:48 +0000 2017,"RT @FoxNews: That moment when you think you're in trouble, but then the unexpected happens. https://t.co/08JVsbT4nu https://t.co/GTFjN6zaOt",0.0,0.896,0.104,-0.2144
121,@FoxNews,???? ???????,Fri Sep 22 05:07:48 +0000 2017,"RT @FoxNews: That moment when you think you're in trouble, but then the unexpected happens. https://t.co/08JVsbT4nu https://t.co/GTFjN6zaOt",0.0,0.896,0.104,-0.2144
122,@FoxNews,FJR,Fri Sep 22 05:07:47 +0000 2017,@FoxNews @jessebwatters @POTUS @TheFive Totally. That's why all of Europe said that they can't rely on the U.S. anymore,0.0,1.0,0.0,0.0
123,@FoxNews,?? veggie slut ??,Fri Sep 22 05:07:47 +0000 2017,@PopeWaffles @FoxNews We can gain all the nutrients we need with a plant based diet. :) with no cholesterol like meat and eggs provides.,0.296,0.631,0.073,0.7717
124,@FoxNews,Kayleigh Drone,Fri Sep 22 05:07:47 +0000 2017,"RT @FoxNews: That moment when you think you're in trouble, but then the unexpected happens. https://t.co/08JVsbT4nu https://t.co/GTFjN6zaOt",0.0,0.896,0.104,-0.2144
125,@FoxNews,(((B. Paul Stuart))),Fri Sep 22 05:07:47 +0000 2017,"RT @BrianPaulStuart: IT'S STILL TRUE.
cc: @FoxNews
#FoxNews #FauxNews #TrumpStateNews #SeanHannity #Trump #MAGA #GOP #LIES #RACISM #BIGOTRY…",0.181,0.819,0.0,0.5473
126,@FoxNews,??????,Fri Sep 22 05:07:47 +0000 2017,RT @dfghuifgh: @pdchina411 @XinhuaChinese @FoxNews #?? #?? ?????????????????????????????????????????????????????????????????????#??? #??? #…,0.0,1.0,0.0,0.0
127,@FoxNews,Dan Pennington,Fri Sep 22 05:07:46 +0000 2017,"RT @FoxNews: That moment when you think you're in trouble, but then the unexpected happens. https://t.co/08JVsbT4nu https://t.co/GTFjN6zaOt",0.0,0.896,0.104,-0.2144
128,@FoxNews,Grace won't shut up,Fri Sep 22 05:07:46 +0000 2017,@scottiemack73 @FoxNews @kimguilfoyle @FLOTUS @MichelleObama @TheFive Check your other threads.,0.0,1.0,0.0,0.0
129,@FoxNews,Niesha Dawes,Fri Sep 22 05:07:46 +0000 2017,"RT @FoxNews: That moment when you think you're in trouble, but then the unexpected happens. https://t.co/08JVsbT4nu https://t.co/GTFjN6zaOt",0.0,0.896,0.104,-0.2144
130,@FoxNews,Basilia Karasek,Fri Sep 22 05:07:46 +0000 2017,"RT @FoxNews: That moment when you think you're in trouble, but then the unexpected happens. https://t.co/08JVsbT4nu https://t.co/GTFjN6zaOt",0.0,0.896,0.104,-0.2144
131,@FoxNews,?????? ?????,Fri Sep 22 05:07:45 +0000 2017,"RT @FoxNews: That moment when you think you're in trouble, but then the unexpected happens. https://t.co/08JVsbT4nu https://t.co/GTFjN6zaOt",0.0,0.896,0.104,-0.2144
132,@FoxNews,Karie Theilman II,Fri Sep 22 05:07:45 +0000 2017,"RT @FoxNews: That moment when you think you're in trouble, but then the unexpected happens. https://t.co/08JVsbT4nu https://t.co/GTFjN6zaOt",0.0,0.896,0.104,-0.2144
133,@FoxNews,???????,Fri Sep 22 05:07:44 +0000 2017,"RT @FoxNews: That moment when you think you're in trouble, but then the unexpected happens. https://t.co/08JVsbT4nu https://t.co/GTFjN6zaOt",0.0,0.896,0.104,-0.2144
134,@FoxNews,??????? ???????,Fri Sep 22 05:07:43 +0000 2017,"RT @FoxNews: That moment when you think you're in trouble, but then the unexpected happens. https://t.co/08JVsbT4nu https://t.co/GTFjN6zaOt",0.0,0.896,0.104,-0.2144
135,@FoxNews,Retha Kermpatsos,Fri Sep 22 05:07:42 +0000 2017,"RT @FoxNews: That moment when you think you're in trouble, but then the unexpected happens. https://t.co/08JVsbT4nu https://t.co/GTFjN6zaOt",0.0,0.896,0.104,-0.2144
136,@FoxNews,Justin Katona,Fri Sep 22 05:07:42 +0000 2017,RT @krishnalikesme: @TuckerCarlson @FoxNews What does Rob Reiner have on Morgan Freeman that he got him to collaborate on this video? #blac…,0.103,0.76,0.137,-0.2263
137,@FoxNews,Honest Abe,Fri Sep 22 05:07:40 +0000 2017,@FoxNews @POTUS In real news... crazy calls out crazy https://t.co/gBstbz56sU,0.0,0.625,0.375,-0.5859
138,@FoxNews,Brother Matthew,Fri Sep 22 05:07:37 +0000 2017,"RT @FoxNews: Rob Reiner: ""When we say we are at war, we are talking about a cyber war."" #Tucker https://t.co/mPRJPv12Wh",0.0,0.694,0.306,-0.8176
139,@FoxNews,Lora Carr,Fri Sep 22 05:07:35 +0000 2017,"RT @FoxNews: That moment when you think you're in trouble, but then the unexpected happens. https://t.co/08JVsbT4nu https://t.co/GTFjN6zaOt",0.0,0.896,0.104,-0.2144
140,@FoxNews,charles bundy,Fri Sep 22 05:07:35 +0000 2017,"RT @Lcmwriter100: @FoxNews Hey, this might be something that both sides of the political sides actually agree on. We all love our dogs. And…",0.233,0.767,0.0,0.7717
141,@FoxNews,(((B. Paul Stuart))),Fri Sep 22 05:07:33 +0000 2017,"RT @BrianPaulStuart: There's at least ONE THING @TheSimpsons DID get wrong. I've corrected it:
@FoxNews — #RACIST and #1 with #RACISTS.
You…",0.0,0.866,0.134,-0.4767
142,@FoxNews,?????? ????????,Fri Sep 22 05:07:33 +0000 2017,"RT @FoxNews: That moment when you think you're in trouble, but then the unexpected happens. https://t.co/08JVsbT4nu https://t.co/GTFjN6zaOt",0.0,0.896,0.104,-0.2144
143,@FoxNews,Forrest Milich,Fri Sep 22 05:07:32 +0000 2017,RT @FoxNews: North Korea owes NYC over $156G in parking tickets https://t.co/H5XfyAYXDz via @nypost,0.0,1.0,0.0,0.0
144,@FoxNews,Dreama Stephens,Fri Sep 22 05:07:32 +0000 2017,"RT @FoxNews: That moment when you think you're in trouble, but then the unexpected happens. https://t.co/08JVsbT4nu https://t.co/GTFjN6zaOt",0.0,0.896,0.104,-0.2144
145,@FoxNews,mister cranker,Fri Sep 22 05:07:31 +0000 2017,"@FoxNews @jessebwatters @POTUS @BarackObama @TheFive It's not real bonding though, trump tells people whatever he t… https://t.co/y1Cp04ODHx",0.0,1.0,0.0,0.0
146,@FoxNews,Justin Katona,Fri Sep 22 05:07:31 +0000 2017,RT @krishnalikesme: @TuckerCarlson @FoxNews I love you Tucker Carlson! Thank you for calling out hypocrites like Rob Reiner!,0.371,0.493,0.136,0.7339
147,@FoxNews,????? ??????????,Fri Sep 22 05:07:30 +0000 2017,"RT @FoxNews: That moment when you think you're in trouble, but then the unexpected happens. https://t.co/08JVsbT4nu https://t.co/GTFjN6zaOt",0.0,0.896,0.104,-0.2144
148,@FoxNews,???Princess???,Fri Sep 22 05:07:29 +0000 2017,"RT @AlxJames10: .@FoxNews What bible they reading ?""But of that day and hour knoweth no man, no, not the angels of heaven, but my Father on…",0.076,0.811,0.113,-0.0129
149,@FoxNews,Robert,Fri Sep 22 05:07:29 +0000 2017,"@FoxNews @seanhannity @Franklin_Graham @jessebwatters  Maxine Waters caught on video DISGRACING Christian funeral
https://t.co/NQLGCFfBsE",0.0,0.828,0.172,-0.3612
150,@FoxNews,Danny Kemp,Fri Sep 22 05:07:29 +0000 2017,"@EboniKWilliams @808Buckeye74 @TheImusShow @FoxNews @curtisandeboni @TheGunzShow You whores , racist , and  haters… https://t.co/ZSmgTufMuO",0.0,0.556,0.444,-0.8402
151,@FoxNews,Mary Dailey,Fri Sep 22 05:07:28 +0000 2017,RT @TuckerCarlson: I am still not sure how Russia hacked our Democracy #Tucker @FoxNews,0.0,0.702,0.298,-0.5664
152,@FoxNews,Just Brilliant,Fri Sep 22 05:07:28 +0000 2017,"@FoxNews @Murdered_01 @POTUS Wow, color me threatened.",0.322,0.424,0.254,0.2023
153,@FoxNews,??????? ?????,Fri Sep 22 05:07:27 +0000 2017,"RT @FoxNews: That moment when you think you're in trouble, but then the unexpected happens. https://t.co/08JVsbT4nu https://t.co/GTFjN6zaOt",0.0,0.896,0.104,-0.2144
154,@FoxNews,?,Fri Sep 22 05:07:26 +0000 2017,"RT @FoxNews: That moment when you think you're in trouble, but then the unexpected happens. https://t.co/08JVsbT4nu https://t.co/GTFjN6zaOt",0.0,0.896,0.104,-0.2144
155,@FoxNews,Kiera Slota,Fri Sep 22 05:07:25 +0000 2017,"RT @FoxNews: That moment when you think you're in trouble, but then the unexpected happens. https://t.co/08JVsbT4nu https://t.co/GTFjN6zaOt",0.0,0.896,0.104,-0.2144
156,@FoxNews,Steven Northcott,Fri Sep 22 05:07:24 +0000 2017,"RT @TrumpsBlonde: With the incredible @seanhannity We love you Sean. ??Thank you @FoxNews for the amazing treatment always @joy_villa
https…",0.308,0.692,0.0,0.8402
157,@FoxNews,fpadillaIII,Fri Sep 22 05:07:24 +0000 2017,@FoxNews @marcthiessen @POTUS That wasn't tough talk! That was a clown trying to sound tough and only coming off as… https://t.co/JhENSk1qvd,0.144,0.856,0.0,0.2575
158,@FoxNews,???? ????????,Fri Sep 22 05:07:23 +0000 2017,"RT @FoxNews: That moment when you think you're in trouble, but then the unexpected happens. https://t.co/08JVsbT4nu https://t.co/GTFjN6zaOt",0.0,0.896,0.104,-0.2144
159,@FoxNews,F M N,Fri Sep 22 05:07:22 +0000 2017,@EClunie @FoxNews @jessebwatters @POTUS @realDonaldTrump @TheFive Mistaken 4more 2020,0.0,0.762,0.238,-0.3612
160,@FoxNews,Taneka Taylor,Fri Sep 22 05:07:22 +0000 2017,"RT @FoxNews: That moment when you think you're in trouble, but then the unexpected happens. https://t.co/08JVsbT4nu https://t.co/GTFjN6zaOt",0.0,0.896,0.104,-0.2144
161,@FoxNews,shorty wolfe,Fri Sep 22 05:07:21 +0000 2017,@FoxNews But not if ur an illegal immigrant?  Lol,0.209,0.522,0.269,-0.2023
162,@FoxNews,Javid Howell,Fri Sep 22 05:07:21 +0000 2017,"@JoyAnnReid Hey, @FoxNews ...",0.0,1.0,0.0,0.0
163,@FoxNews,Klara Natisha,Fri Sep 22 05:07:21 +0000 2017,"RT @FoxNews: That moment when you think you're in trouble, but then the unexpected happens. https://t.co/08JVsbT4nu https://t.co/GTFjN6zaOt",0.0,0.896,0.104,-0.2144
164,@FoxNews,???? ????????,Fri Sep 22 05:07:21 +0000 2017,"RT @FoxNews: That moment when you think you're in trouble, but then the unexpected happens. https://t.co/08JVsbT4nu https://t.co/GTFjN6zaOt",0.0,0.896,0.104,-0.2144
165,@FoxNews,W!LL,Fri Sep 22 05:07:21 +0000 2017,"@YouTubeTV @Android Also, Google Assistant integration will be a killer feature... (""Ok Google"" play @FoxNews  chan… https://t.co/P6BY7sJORB",0.116,0.676,0.208,-0.4404
166,@FoxNews,Betty Moorman,Fri Sep 22 05:07:20 +0000 2017,RT @FoxNews: Animal Abusers Could Be Made to Register Like Sex Offenders https://t.co/M61OxvKnu7,0.134,0.538,0.328,-0.5574
167,@FoxNews,????????? ????????,Fri Sep 22 05:07:20 +0000 2017,"RT @FoxNews: That moment when you think you're in trouble, but then the unexpected happens. https://t.co/08JVsbT4nu https://t.co/GTFjN6zaOt",0.0,0.896,0.104,-0.2144
168,@FoxNews,PapaSurf,Fri Sep 22 05:07:20 +0000 2017,@abhinandan_1987 @yesimpeachnow @ColBannister @FoxNews Liberals rarely are.,0.0,1.0,0.0,0.0
169,@FoxNews,????? ???????,Fri Sep 22 05:07:19 +0000 2017,"RT @FoxNews: That moment when you think you're in trouble, but then the unexpected happens. https://t.co/08JVsbT4nu https://t.co/GTFjN6zaOt",0.0,0.896,0.104,-0.2144
170,@FoxNews,Julia Connell,Fri Sep 22 05:07:19 +0000 2017,RT @kenna_dizzle: @YouTube @rhettandlink @tryguys @PhillyD @FoxNews I rest my case @streamys. I vote #DeFrancoShowForStreamys ?? @PhillyD,0.0,1.0,0.0,0.0
171,@FoxNews,Dann Forti,Fri Sep 22 05:07:18 +0000 2017,"RT @FoxNews: That moment when you think you're in trouble, but then the unexpected happens. https://t.co/08JVsbT4nu https://t.co/GTFjN6zaOt",0.0,0.896,0.104,-0.2144
172,@FoxNews,Connie White,Fri Sep 22 05:07:18 +0000 2017,"RT @AHamiltonSpirit: @JamesIsaak2 @Lesmitch529 @FoxNews @POTUS KOCH BROS BRIBE GOP-400M to cut ACA for tax cuts. @CNN @Maddow
?https://t.co…",0.0,0.701,0.299,-0.7034
173,@FoxNews,???? ????????,Fri Sep 22 05:07:18 +0000 2017,"RT @FoxNews: That moment when you think you're in trouble, but then the unexpected happens. https://t.co/08JVsbT4nu https://t.co/GTFjN6zaOt",0.0,0.896,0.104,-0.2144
174,@FoxNews,Marla,Fri Sep 22 05:07:17 +0000 2017,RT @TuckerCarlson: I am still not sure how Russia hacked our Democracy #Tucker @FoxNews,0.0,0.702,0.298,-0.5664
175,@FoxNews,????????? ????????,Fri Sep 22 05:07:17 +0000 2017,"RT @FoxNews: That moment when you think you're in trouble, but then the unexpected happens. https://t.co/08JVsbT4nu https://t.co/GTFjN6zaOt",0.0,0.896,0.104,-0.2144
176,@FoxNews,?????? ??????????,Fri Sep 22 05:07:17 +0000 2017,"RT @FoxNews: That moment when you think you're in trouble, but then the unexpected happens. https://t.co/08JVsbT4nu https://t.co/GTFjN6zaOt",0.0,0.896,0.104,-0.2144
177,@FoxNews,Candra Willis,Fri Sep 22 05:07:16 +0000 2017,"RT @FoxNews: That moment when you think you're in trouble, but then the unexpected happens. https://t.co/08JVsbT4nu https://t.co/GTFjN6zaOt",0.0,0.896,0.104,-0.2144
178,@FoxNews,?. ????????????,Fri Sep 22 05:07:14 +0000 2017,"RT @FoxNews: That moment when you think you're in trouble, but then the unexpected happens. https://t.co/08JVsbT4nu https://t.co/GTFjN6zaOt",0.0,0.896,0.104,-0.2144
179,@FoxNews,Scottie Mack,Fri Sep 22 05:07:14 +0000 2017,@KGraceHill @FoxNews @kimguilfoyle @FLOTUS @MichelleObama @TheFive Any luck on the sleeveless dress and the disgusting comment??,0.145,0.674,0.181,-0.1926
180,@FoxNews,????? ????????,Fri Sep 22 05:07:13 +0000 2017,"RT @FoxNews: That moment when you think you're in trouble, but then the unexpected happens. https://t.co/08JVsbT4nu https://t.co/GTFjN6zaOt",0.0,0.896,0.104,-0.2144
181,@FoxNews,Grace won't shut up,Fri Sep 22 05:07:13 +0000 2017,@scottiemack73 @FoxNews @kimguilfoyle @FLOTUS @MichelleObama @TheFive https://t.co/X41SIigBxX,0.0,1.0,0.0,0.0
182,@FoxNews,Sau Pauletta,Fri Sep 22 05:07:12 +0000 2017,"RT @FoxNews: That moment when you think you're in trouble, but then the unexpected happens. https://t.co/08JVsbT4nu https://t.co/GTFjN6zaOt",0.0,0.896,0.104,-0.2144
183,@FoxNews,Darth Carlinian,Fri Sep 22 05:07:12 +0000 2017,@Irondove100 @FoxNews @nikkihaley Yeah...why de-escalate it using diplomacy when we could just hit them with 200 cr… https://t.co/ENj8p2ipEz,0.0,1.0,0.0,0.0
184,@FoxNews,Mei Dinah,Fri Sep 22 05:07:09 +0000 2017,"RT @FoxNews: That moment when you think you're in trouble, but then the unexpected happens. https://t.co/08JVsbT4nu https://t.co/GTFjN6zaOt",0.0,0.896,0.104,-0.2144
185,@FoxNews,Tifany Ahmed,Fri Sep 22 05:07:08 +0000 2017,"RT @FoxNews: That moment when you think you're in trouble, but then the unexpected happens. https://t.co/08JVsbT4nu https://t.co/GTFjN6zaOt",0.0,0.896,0.104,-0.2144
186,@FoxNews,belly,Fri Sep 22 05:07:08 +0000 2017,"RT @opeyemiagbaje: I want an alternative to @DStv @DStvNg and more diversity in news channels-@FoxNews @RT_com @cspan The more, the merrier…",0.064,0.936,0.0,0.0772
187,@FoxNews,Annamae Hanson,Fri Sep 22 05:07:07 +0000 2017,"RT @FoxNews: That moment when you think you're in trouble, but then the unexpected happens. https://t.co/08JVsbT4nu https://t.co/GTFjN6zaOt",0.0,0.896,0.104,-0.2144
188,@FoxNews,Shawnna Dow,Fri Sep 22 05:07:06 +0000 2017,"RT @FoxNews: That moment when you think you're in trouble, but then the unexpected happens. https://t.co/08JVsbT4nu https://t.co/GTFjN6zaOt",0.0,0.896,0.104,-0.2144
189,@FoxNews,west,Fri Sep 22 05:07:06 +0000 2017,RT @STsegolko: ????????? @poroshenko  ????? ?? @FoxNews live https://t.co/DaZmgelGzS,0.0,1.0,0.0,0.0
190,@FoxNews,Kasandra Lura,Fri Sep 22 05:07:04 +0000 2017,"RT @FoxNews: That moment when you think you're in trouble, but then the unexpected happens. https://t.co/08JVsbT4nu https://t.co/GTFjN6zaOt",0.0,0.896,0.104,-0.2144
191,@FoxNews,ann,Fri Sep 22 05:07:02 +0000 2017,@amyserwinowski @Mike241075 @KaraLA @Luckeytiger14 @FoxNews there is absolutely proof...  and russia is a dud,0.0,0.857,0.143,-0.25
192,@FoxNews,lo sivad,Fri Sep 22 05:07:01 +0000 2017,RT @annie141630: @FoxNews Funny how you people think actors should stick to acting and yet you elect a reality TV star and you pretend  he…,0.11,0.837,0.053,0.3612
193,@FoxNews,???? ??????,Fri Sep 22 05:07:01 +0000 2017,"RT @FoxNews: That moment when you think you're in trouble, but then the unexpected happens. https://t.co/08JVsbT4nu https://t.co/GTFjN6zaOt",0.0,0.896,0.104,-0.2144
194,@FoxNews,melody goldston,Fri Sep 22 05:07:01 +0000 2017,"RT @FoxNews: .@seanhannity: ""It has now become evident, now more than ever, that in America, we have a two-tiered justice system."" #Hannity…",0.145,0.855,0.0,0.5267
195,@FoxNews,YAF UH,Fri Sep 22 05:06:58 +0000 2017,RT @ainsleyearhardt: Vice President Pence will join us on set in a few min. Tune it. @foxandfriends @FoxNews @VP #VicePresident,0.109,0.891,0.0,0.296
196,@FoxNews,Katherina Abufardeh,Fri Sep 22 05:06:58 +0000 2017,"RT @FoxNews: That moment when you think you're in trouble, but then the unexpected happens. https://t.co/08JVsbT4nu https://t.co/GTFjN6zaOt",0.0,0.896,0.104,-0.2144
197,@FoxNews,????? ???????,Fri Sep 22 05:06:58 +0000 2017,"RT @FoxNews: That moment when you think you're in trouble, but then the unexpected happens. https://t.co/08JVsbT4nu https://t.co/GTFjN6zaOt",0.0,0.896,0.104,-0.2144
198,@FoxNews,Leigh Ennis,Fri Sep 22 05:06:56 +0000 2017,@JamesRosenTV @ShannonBream @FoxNews And you continue to be the classiest guy we know- congrats to @ShannonBream,0.185,0.815,0.0,0.5267
199,@FoxNews,?????? ?????????,Fri Sep 22 05:06:53 +0000 2017,"RT @FoxNews: That moment when you think you're in trouble, but then the unexpected happens. https://t.co/08JVsbT4nu https://t.co/GTFjN6zaOt",0.0,0.896,0.104,-0.2144
200,@BBC,Shanna May ?,Fri Sep 22 05:06:10 +0000 2017,"Fun Day.  

@BBC @BBCNews @bbcmtd @BCUPressOffice @MyBCU https://t.co/XNB67PE9m9",0.32,0.68,0.0,0.5106
201,@BBC,Daggy1965,Fri Sep 22 05:03:21 +0000 2017,@CllrBSilvester @BBC See that dodo mason on again!!,0.0,1.0,0.0,0.0
202,@BBC,Susana Rangel,Fri Sep 22 05:01:56 +0000 2017,RT @LuisMaciel75: @guruchuirer @ptorres @Televisa @BBC @nbc @ABC como ven un zopilote buscando sangre para aprovecharse de la tragedia apoy…,0.0,1.0,0.0,0.0
203,@BBC,Diane Reid,Fri Sep 22 05:01:54 +0000 2017,RT @MAGsaveslives: We were honoured to host real people doing inspiring things at MAG #Vietnam. Watch @BBC #withoutlimits tonight https://t…,0.25,0.75,0.0,0.7184
204,@BBC,Thomas Marshall,Fri Sep 22 05:01:00 +0000 2017,No sleep. Watching the excellent @BBC doc on Moscow. Another place which I need to visit. Via Sans-Tribarian railway.,0.169,0.731,0.1,0.3612
205,@BBC,paladine,Fri Sep 22 05:00:13 +0000 2017,"RT @SafetyPinDaily: Melania Trump mocked online after anti-bullying speech   | Via @bbc
https://t.co/Wm4gn3xM9f",0.0,0.827,0.173,-0.3182
206,@BBC,Whoopteedoo,Fri Sep 22 04:57:39 +0000 2017,@SafetyPinDaily @BBC More #GOPlies,0.0,1.0,0.0,0.0
207,@BBC,Ignacio Valle,Fri Sep 22 04:50:33 +0000 2017,@CarmenClausse @lunfitaquerido @SAYACRISTINA @LTeresitaSilva @lukekolifa @NKollack @AlejoFerre @Nikita_20XVII… https://t.co/mjYEfQ8XFp,0.0,1.0,0.0,0.0
208,@BBC,libertynews,Fri Sep 22 04:46:58 +0000 2017,RT @ukvoteremain: @BBC @Nigel_Farage @LBC Nasty Nigel @Nigel_Farage delivers complaint  letter to BBC for airing public's comment about him…,0.0,0.746,0.254,-0.7003
209,@BBC,Sean McCloskey,Fri Sep 22 04:46:39 +0000 2017,@SafetyPinDaily @BBC She speaks about bullying because she lives with the biggest bully on the planet. She must kno… https://t.co/4PpidXYBeH,0.0,0.717,0.283,-0.7964
210,@BBC,Kevin.R.Beckenham,Fri Sep 22 04:46:34 +0000 2017,"RT @TomLondon6: Surely a Cabinet Minister flouting court orders is a big deal?
Where's MSM outrage?
Worrying if @BBC doesn't recognise grav…",0.112,0.655,0.233,-0.4871
211,@BBC,Sean McCloskey,Fri Sep 22 04:45:43 +0000 2017,"RT @SafetyPinDaily: Melania Trump mocked online after anti-bullying speech   | Via @bbc
https://t.co/Wm4gn3xM9f",0.0,0.827,0.173,-0.3182
212,@BBC,Nanci,Fri Sep 22 04:45:27 +0000 2017,RT @Haifisch_Von: @SafetyPinDaily @nlvalcke @BBC She bullies with law suits against anyone who says anything unflatering to her. Hipocrite!,0.0,1.0,0.0,0.0
213,@BBC,dogzzz,Fri Sep 22 04:44:07 +0000 2017,RT @JamesLindsay_: @NewSpaceCritic @DarkMatterFTL @CBC @CTV_Television @Global_TV @BBC @SkyUK? @Sky1? Them Brits do love them some good Sci…,0.318,0.682,0.0,0.8156
214,@BBC,Brexit Watch,Fri Sep 22 04:43:27 +0000 2017,@BBC @Nigel_Farage @LBC Nasty Nigel @Nigel_Farage delivers complaint  letter to BBC for airing public's comment abo… https://t.co/X8BXscKoNR,0.0,0.721,0.279,-0.7003
215,@BBC,ko chit,Fri Sep 22 04:42:57 +0000 2017,"@UN
@XHNews
@BBC(world)
@ABCNews
@VOANews https://t.co/JdwORac8Dx",0.0,1.0,0.0,0.0
216,@BBC,The Postman,Fri Sep 22 04:42:47 +0000 2017,@SafetyPinDaily @BBC  https://t.co/QB11AOsrrj,0.0,1.0,0.0,0.0
217,@BBC,Haifisch Von,Fri Sep 22 04:42:39 +0000 2017,@SafetyPinDaily @nlvalcke @BBC She bullies with law suits against anyone who says anything unflatering to her. Hipocrite!,0.0,1.0,0.0,0.0
218,@BBC,Profanity Jane,Fri Sep 22 04:42:12 +0000 2017,@SafetyPinDaily @BBC As she should have been. Girl needs to go home and fix her own shit before she starts lecturing the world. #fraud,0.0,0.865,0.135,-0.5574
219,@BBC,"CLOWN SHOES, PEOPLE.",Fri Sep 22 04:42:00 +0000 2017,"@SafetyPinDaily @BBC Heck of a job, Frownie!",0.0,1.0,0.0,0.0
220,@BBC,Morris Wells,Fri Sep 22 04:41:51 +0000 2017,RT @JamesLindsay_: @NewSpaceCritic @DarkMatterFTL @CBC @CTV_Television @Global_TV @BBC @SkyUK? @Sky1? Them Brits do love them some good Sci…,0.318,0.682,0.0,0.8156
221,@BBC,David A. Duemler,Fri Sep 22 04:41:50 +0000 2017,@SafetyPinDaily @BBC Was anyone involved actually caught off guard by the reaction?  Is irony that dead?,0.0,0.705,0.295,-0.7059
222,@BBC,Nanci,Fri Sep 22 04:40:59 +0000 2017,"RT @SafetyPinDaily: Melania Trump mocked online after anti-bullying speech   | Via @bbc
https://t.co/Wm4gn3xM9f",0.0,0.827,0.173,-0.3182
223,@BBC,OBAMACLINTONLIBERAL,Fri Sep 22 04:40:40 +0000 2017,@LynnLynniepoo @KeithOlbermann @chrislhayes @maddow @MalcolmNance @amjoyshow @JoeNBC @CNN @Evan_McMullin… https://t.co/YQHcxXX55g,0.0,1.0,0.0,0.0
224,@BBC,Relacsashon ?,Fri Sep 22 04:39:39 +0000 2017,"RT @SafetyPinDaily: Melania Trump mocked online after anti-bullying speech   | Via @bbc
https://t.co/Wm4gn3xM9f",0.0,0.827,0.173,-0.3182
225,@BBC,OBAMACLINTONLIBERAL,Fri Sep 22 04:39:36 +0000 2017,@LynnLynniepoo @KeithOlbermann @chrislhayes @maddow @MalcolmNance @amjoyshow @JoeNBC @CNN @Evan_McMullin… https://t.co/WtEoVFX02c,0.0,1.0,0.0,0.0
226,@BBC,George Sr,Fri Sep 22 04:39:13 +0000 2017,RT @AmbaPikin: @UN @antonioguterres Finish the job NOW #FreeSouthernCameroons #RestorationNow #UNGA72 @LeahHardingAJE @BBC @RFI_English @in…,0.0,1.0,0.0,0.0
227,@BBC,Bookworm,Fri Sep 22 04:39:00 +0000 2017,RT @JamesLindsay_: @NewSpaceCritic @DarkMatterFTL @CBC @CTV_Television @Global_TV @BBC @SkyUK? @Sky1? Them Brits do love them some good Sci…,0.318,0.682,0.0,0.8156
228,@BBC,BigDad,Fri Sep 22 04:38:52 +0000 2017,RT @mrskin: Obviously I know what scene the @BBC employee was watching! @AnnaPaquin @TrueBloodHBO #NudesAt10 https://t.co/rLXsealDf4 https:…,0.0,1.0,0.0,0.0
229,@BBC,Vice President Pence,Fri Sep 22 04:38:51 +0000 2017,"https://t.co/rN9StDIcpO Lana, you gotta hear this!: @LanaDelRey @NME @uriminzok_engl @RollingStone @VP @realDonaldTrump @SubPopPodcast @BBC",0.0,1.0,0.0,0.0
230,@BBC,Don Delury,Fri Sep 22 04:38:01 +0000 2017,@SafetyPinDaily @BBC The last time I saw that outfit it had a Barney head. https://t.co/SPdyvUSl0E,0.0,1.0,0.0,0.0
231,@BBC,OBAMACLINTONLIBERAL,Fri Sep 22 04:36:54 +0000 2017,@LynnLynniepoo @KeithOlbermann @chrislhayes @maddow @MalcolmNance @amjoyshow @JoeNBC @CNN @Evan_McMullin… https://t.co/RHnkMq0D3g,0.0,1.0,0.0,0.0
232,@BBC,Yo con #Morena,Fri Sep 22 04:36:12 +0000 2017,@BBC https://t.co/cOsrxZZBFG,0.0,1.0,0.0,0.0
233,@BBC,Ryan Bullas,Fri Sep 22 04:36:07 +0000 2017,"RT @WDillahunt: Ken Burns PBS Series The Vietnam War is mesmerizing and horrifying, a must watch for all Americans. @KenBurns @PBS @BBC",0.0,0.714,0.286,-0.8225
234,@BBC,The Postman,Fri Sep 22 04:35:53 +0000 2017,"@SafetyPinDaily @BBC Childhood bully for a husband, who wants to ramp up the NWO war machine. I'm not mocking her.… https://t.co/XycjtjluWP",0.086,0.645,0.269,-0.7043
235,@BBC,OBAMACLINTONLIBERAL,Fri Sep 22 04:35:50 +0000 2017,@LynnLynniepoo @KeithOlbermann @chrislhayes @maddow @MalcolmNance @amjoyshow @JoeNBC @CNN @Evan_McMullin… https://t.co/pppFqmI4Z1,0.0,1.0,0.0,0.0
236,@BBC,Maureen Simkins,Fri Sep 22 04:35:21 +0000 2017,@BuildOurAmerica @AP @BBC @FoxNews @CNN @UN We are going to starve them! You'll see! ??? One day that shits gonna get intercepted!,0.0,0.744,0.256,-0.783
237,@BBC,Diane Schultz  ??,Fri Sep 22 04:33:49 +0000 2017,"RT @SafetyPinDaily: Melania Trump mocked online after anti-bullying speech   | Via @bbc
https://t.co/Wm4gn3xM9f",0.0,0.827,0.173,-0.3182
238,@BBC,Fraülein Welsh?,Fri Sep 22 04:33:45 +0000 2017,@jongaunt @BBCNews @Nigel_Farage @BBC may i suggest tht u carry out investigations on urself b4 pointing ur finger… https://t.co/WeqRkfWi1j,0.0,1.0,0.0,0.0
239,@BBC,DorthyRSlotwinski,Fri Sep 22 04:33:21 +0000 2017,"RT @SafetyPinDaily: Melania Trump mocked online after anti-bullying speech   | Via @bbc
https://t.co/Wm4gn3xM9f",0.0,0.827,0.173,-0.3182
240,@BBC,Don Delury,Fri Sep 22 04:33:19 +0000 2017,"RT @SafetyPinDaily: Melania Trump mocked online after anti-bullying speech   | Via @bbc
https://t.co/Wm4gn3xM9f",0.0,0.827,0.173,-0.3182
241,@BBC,OBAMACLINTONLIBERAL,Fri Sep 22 04:32:52 +0000 2017,@LynnLynniepoo @KeithOlbermann @chrislhayes @maddow @MalcolmNance @amjoyshow @JoeNBC @CNN @Evan_McMullin… https://t.co/ETjmB4MSux,0.0,1.0,0.0,0.0
242,@BBC,Tudor Rashoff,Fri Sep 22 04:31:18 +0000 2017,"RT @CllrBSilvester: This is crazy
Every week #REMOANERS outnumber the #LEAVERS
The @BBC campaign to keep us in the EU,so BBC can keep its E…",0.0,0.909,0.091,-0.34
243,@BBC,OBAMACLINTONLIBERAL,Fri Sep 22 04:30:34 +0000 2017,@LynnLynniepoo @KeithOlbermann @chrislhayes @maddow @MalcolmNance @amjoyshow @JoeNBC @CNN @Evan_McMullin… https://t.co/hHjbAB5f1X,0.0,1.0,0.0,0.0
244,@BBC,Zella,Fri Sep 22 04:30:31 +0000 2017,"RT @SafetyPinDaily: Melania Trump mocked online after anti-bullying speech   | Via @bbc
https://t.co/Wm4gn3xM9f",0.0,0.827,0.173,-0.3182
245,@BBC,SafetyPin-Daily,Fri Sep 22 04:30:11 +0000 2017,"Melania Trump mocked online after anti-bullying speech   | Via @bbc
https://t.co/Wm4gn3xM9f",0.0,0.796,0.204,-0.3182
246,@BBC,Néstor Molina.,Fri Sep 22 04:29:53 +0000 2017,@dw @ActualidadRT @rtve @teleSURtv @luzmoraleda @alexmelon @BBC @cnnespana @nytimesES @RedeGlobo @TVN @LeonKrauze… https://t.co/aPyehwgoo9,0.0,1.0,0.0,0.0
247,@BBC,OBAMACLINTONLIBERAL,Fri Sep 22 04:29:52 +0000 2017,@LynnLynniepoo @KeithOlbermann @chrislhayes @maddow @MalcolmNance @amjoyshow @JoeNBC @CNN @Evan_McMullin… https://t.co/n54zJUpG5Z,0.0,1.0,0.0,0.0
248,@BBC,Ethereal Heart Fdn,Fri Sep 22 04:28:49 +0000 2017,RT @gayasktn: @BBC bends the knee to #Tories: #ClimateChange denial is the new holocaust denial @AdamRutherford right to speak out https://…,0.0,1.0,0.0,0.0
249,@BBC,I.p.,Fri Sep 22 04:28:10 +0000 2017,RT @gayasktn: @BBC bends the knee to #Tories: #ClimateChange denial is the new holocaust denial @AdamRutherford right to speak out https://…,0.0,1.0,0.0,0.0
250,@BBC,NewSpace Critic,Fri Sep 22 04:27:59 +0000 2017,@JamesLindsay_ @DarkMatterFTL @CBC @CTV_Television @Global_TV @BBC @SkyUK @sky1 @BaronDestructo All options are on table at this point,0.0,1.0,0.0,0.0
251,@BBC,Gaya Sriskanthan,Fri Sep 22 04:27:48 +0000 2017,@BBC bends the knee to #Tories: #ClimateChange denial is the new holocaust denial @AdamRutherford right to speak out https://t.co/XU1XYLJBKr,0.0,1.0,0.0,0.0
252,@BBC,OBAMACLINTONLIBERAL,Fri Sep 22 04:27:41 +0000 2017,@LynnLynniepoo @KeithOlbermann @chrislhayes @maddow @MalcolmNance @amjoyshow @JoeNBC @CNN @Evan_McMullin… https://t.co/c7NGTn0ZUx,0.0,1.0,0.0,0.0
253,@BBC,Johnny English,Fri Sep 22 04:26:10 +0000 2017,"Back to where?This is your citizen, your people.Pls stop to disturb our ?? country.Keep back your people.If u don't… https://t.co/9nl6kXuDCr",0.0,0.776,0.224,-0.5994
254,@BBC,joe noia,Fri Sep 22 04:25:55 +0000 2017,"RT @BBC: Introducing Samantha, a robot with a human-like brain and the ability to 'feel emotion'. ? ? https://t.co/VuEwDBgDGh https://t.co/…",0.133,0.867,0.0,0.3182
255,@BBC,OBAMACLINTONLIBERAL,Fri Sep 22 04:25:12 +0000 2017,@LynnLynniepoo @KeithOlbermann @chrislhayes @maddow @MalcolmNance @amjoyshow @JoeNBC @CNN @Evan_McMullin… https://t.co/mqnIfqv7MF,0.0,1.0,0.0,0.0
256,@BBC,Scott Twist,Fri Sep 22 04:24:28 +0000 2017,RT @JamesLindsay_: @NewSpaceCritic @DarkMatterFTL @CBC @CTV_Television @Global_TV @BBC @SkyUK? @Sky1? Them Brits do love them some good Sci…,0.318,0.682,0.0,0.8156
257,@BBC,James Lindsay,Fri Sep 22 04:24:20 +0000 2017,@NewSpaceCritic @DarkMatterFTL @CBC @CTV_Television @Global_TV @BBC @SkyUK @sky1 @BaronDestructo It would definitel… https://t.co/gKkPrPV8ic,0.0,1.0,0.0,0.0
258,@BBC,#TSCxyz #idampan,Fri Sep 22 04:22:53 +0000 2017,RT @ImPAN0: @idampan @Iron_Man @Marvel @Disney @downeydeppfan @nytimes @CNN @BBC @VShady17 @posheLMIRnaHUI1 #idampan #Wealth #RDJ S #NeverB…,0.0,1.0,0.0,0.0
259,@BBC,#TSCxyz #idampan,Fri Sep 22 04:22:46 +0000 2017,RT @ImPAN0: @idampan @Iron_Man @Marvel @Disney @downeydeppfan @nytimes @CNN @BBC @VShady17 @posheLMIRnaHUI1 #idampan #idaKC #idaCobain #ida…,0.0,1.0,0.0,0.0
260,@BBC,#TSCxyz #idampan,Fri Sep 22 04:22:20 +0000 2017,RT @ImPAN0: @ioTSC @idampan @Iron_Man @Marvel @Disney @downeydeppfan @nytimes @CNN @BBC @VShady17 @posheLMIRnaHUI1 #idampan #DylanImp #C #W…,0.0,1.0,0.0,0.0
261,@BBC,James Lindsay,Fri Sep 22 04:22:17 +0000 2017,@NewSpaceCritic @DarkMatterFTL @CBC @CTV_Television @Global_TV @BBC @SkyUK @sky1 @BaronDestructo Kinda thinking it'… https://t.co/4zoMfIFo6r,0.0,1.0,0.0,0.0
262,@BBC,#TSCxyz #idampan,Fri Sep 22 04:22:14 +0000 2017,RT @ioTSC: @idampan @Iron_Man @Marvel @Disney @downeydeppfan @nytimes @CNN @BBC @VShady17 @posheLMIRnaHUI1 #idampan #idaKapoor #Obama #idaK…,0.0,1.0,0.0,0.0
263,@BBC,2ByQ,Fri Sep 22 04:17:58 +0000 2017,@WilliamWWilson4 @BBC @cnni @MSNBC Fun fact: internet is filled with people that accidentally found random stranger… https://t.co/zInS9qiDmK,0.159,0.725,0.116,0.2263
264,@BBC,JOHNNY ROCK,Fri Sep 22 04:17:39 +0000 2017,@Judy_Cockerton @GraceMurphy2 @OzoneparkPatti @Glafiz @Wraithsword @BBC Chelsea was on @BBC stumping for her causes… https://t.co/k1GhzWJp1G,0.0,1.0,0.0,0.0
265,@BBC,Erin Holley,Fri Sep 22 04:17:33 +0000 2017,RT @JamesLindsay_: @NewSpaceCritic @DarkMatterFTL @CBC @CTV_Television @Global_TV @BBC @SkyUK? @Sky1? Them Brits do love them some good Sci…,0.318,0.682,0.0,0.8156
266,@BBC,Emma Larry,Fri Sep 22 04:17:10 +0000 2017,RT @judithnwana: #Cameroon under attack for subjecting journalists to military trial #FreeAllArrested @UN #UNGA @BBC https://t.co/a5hdo7qAg…,0.0,0.829,0.171,-0.4767
267,@BBC,James Lindsay,Fri Sep 22 04:16:07 +0000 2017,RT @NewSpaceCritic: @JamesLindsay_ @DarkMatterFTL @CBC @CTV_Television @Global_TV @BBC @SkyUK @sky1 @BaronDestructo Well perhaps we should…,0.13,0.87,0.0,0.2732
268,@BBC,Terry Gremillion,Fri Sep 22 04:13:04 +0000 2017,RT @NewSpaceCritic: @JamesLindsay_ @DarkMatterFTL @CBC @CTV_Television @Global_TV @BBC @SkyUK @sky1 @BaronDestructo Well perhaps we should…,0.13,0.87,0.0,0.2732
269,@BBC,NANE,Fri Sep 22 04:11:56 +0000 2017,@IgnacioValle3 @lunfitaquerido @SAYACRISTINA @LTeresitaSilva @lukekolifa @NKollack @AlejoFerre @Nikita_20XVII… https://t.co/Mi7pTkcnAd,0.0,1.0,0.0,0.0
270,@BBC,Dennis Dvernychuk,Fri Sep 22 04:09:55 +0000 2017,@CanadianGreens @GreenPartyUS @caitoz @WeAreChangeNYC @saneprogressive @RedactedTonight @TheRealNews @MintPressNews… https://t.co/iaEXIDt39m,0.0,1.0,0.0,0.0
271,@BBC,NewSpace Critic,Fri Sep 22 04:09:50 +0000 2017,@JamesLindsay_ @DarkMatterFTL @CBC @CTV_Television @Global_TV @BBC @SkyUK @sky1 @BaronDestructo Well perhaps we sho… https://t.co/KuIFD07WwL,0.139,0.861,0.0,0.2732
272,@BBC,Ignacio Valle,Fri Sep 22 04:07:32 +0000 2017,@CarmenClausse @lunfitaquerido @SAYACRISTINA @LTeresitaSilva @lukekolifa @NKollack @AlejoFerre @Nikita_20XVII… https://t.co/fFYetARWKO,0.0,1.0,0.0,0.0
273,@BBC,Animal In The Mirror,Fri Sep 22 04:07:29 +0000 2017,RT: Please follow @Iran_Policy &amp; #IranFreedom. A voice of freedom &amp; opposition 2 the evil Islamist regime currently in power. @CNN @BBC @AFP,0.225,0.623,0.152,0.2732
274,@BBC,#TSCxyz #idampan,Fri Sep 22 04:06:53 +0000 2017,RT @ioTSC: @ImPAN0 @idampan @Iron_Man @Marvel @Disney @downeydeppfan @nytimes @CNN @BBC @VShady17 @posheLMIRnaHUI1 #idampan #idaTupac #idae…,0.0,1.0,0.0,0.0
275,@BBC,#TSCxyz #idampan,Fri Sep 22 04:06:35 +0000 2017,@ImPAN0 @idampan @Iron_Man @Marvel @Disney @downeydeppfan @nytimes @CNN @BBC @VShady17 @posheLMIRnaHUI1 #idampan… https://t.co/F7xrv5fxz9,0.0,1.0,0.0,0.0
276,@BBC,NANE,Fri Sep 22 04:05:36 +0000 2017,@IgnacioValle3 @lunfitaquerido @SAYACRISTINA @LTeresitaSilva @lukekolifa @NKollack @AlejoFerre @Nikita_20XVII… https://t.co/B8ure4aSLR,0.0,1.0,0.0,0.0
277,@BBC,???????? ???? ??,Fri Sep 22 04:02:10 +0000 2017,"RT @BBC: If you've still struggling to do the downward dog, you've got your work cut out. She's 98 by the way. ? ? https://t.co/6HBcSsungS",0.0,0.811,0.189,-0.5994
278,@BBC,James Lindsay,Fri Sep 22 04:00:08 +0000 2017,@NewSpaceCritic @DarkMatterFTL @CBC @CTV_Television @Global_TV @BBC @SkyUK? @Sky1? Them Brits do love them some goo… https://t.co/2u0DsvFUds,0.233,0.767,0.0,0.6767
279,@BBC,Y1964,Fri Sep 22 03:59:47 +0000 2017,@akuma_38 @RafalzKrakowa @tvp_info @annakmakuch @ARomasze @WojciechMucha @EwaBugala @BOYAR1947 @HMaegerle @VenaVein… https://t.co/DDQfs9Vbha,0.0,1.0,0.0,0.0
280,@BBC,SBV,Fri Sep 22 03:59:21 +0000 2017,RT @DENISEVASQUEZ: Worried about my mom! Any news about Cabo Rojo @weatherchannel @msnbc @cnn @abc @bbc @andersoncooper #puertorico #caboro…,0.0,0.878,0.122,-0.3595
281,@BBC,Ignacio Valle,Fri Sep 22 03:58:40 +0000 2017,@lunfitaquerido @LTeresitaSilva @SAYACRISTINA @lukekolifa @NKollack @AlejoFerre @Nikita_20XVII @EnzoCace… https://t.co/kBbyX0CCLk,0.0,1.0,0.0,0.0
282,@BBC,Ignacio Valle,Fri Sep 22 03:57:58 +0000 2017,@CarmenClausse @lunfitaquerido @SAYACRISTINA @LTeresitaSilva @lukekolifa @NKollack @AlejoFerre @Nikita_20XVII… https://t.co/g5lOBiwinl,0.0,1.0,0.0,0.0
283,@BBC,sharon_elle,Fri Sep 22 03:56:20 +0000 2017,RT @lehimesa: @EkbMary @MartinHeinrich @rollcall @BBC Agree. Cattle damage the environment yet cattlemen want to shoot Salt River Wild hors…,0.15,0.63,0.22,-0.4215
284,@BBC,James Lindsay,Fri Sep 22 03:55:49 +0000 2017,"RT @NewSpaceCritic: @JamesLindsay_ @DarkMatterFTL @CBC @CTV_Television @Global_TV @BBC .@CTV_Television @Global_TV should get on board,  th…",0.0,1.0,0.0,0.0
285,@BBC,???? ??????,Fri Sep 22 03:55:36 +0000 2017,"RT @BBC: If you've still struggling to do the downward dog, you've got your work cut out. She's 98 by the way. ? ? https://t.co/6HBcSsungS",0.0,0.811,0.189,-0.5994
286,@BBC,Atharva ??,Fri Sep 22 03:54:56 +0000 2017,RT @imShraddhaK: Goswami who fought against the Casteism to empower Marginalized people.(1950). #ArnabDidIt @ABC @NIH @BBC link: https://t.…,0.0,0.881,0.119,-0.3182
287,@BBC,NewSpace Critic,Fri Sep 22 03:54:39 +0000 2017,"@JamesLindsay_ @DarkMatterFTL @CBC @CTV_Television @Global_TV @BBC .@CTV_Television @Global_TV should get on board,… https://t.co/a7nwLxxBSM",0.0,1.0,0.0,0.0
288,@BBC,Andy Smith,Fri Sep 22 03:54:35 +0000 2017,"RT @CllrBSilvester: This is crazy
Every week #REMOANERS outnumber the #LEAVERS
The @BBC campaign to keep us in the EU,so BBC can keep its E…",0.0,0.909,0.091,-0.34
289,@BBC,Ignacio Valle,Fri Sep 22 03:54:22 +0000 2017,@lunfitaquerido @excursioperon @NKollack @PinUp_Girl15 @mumimumi09 @Nikita_20XVII @lukekolifa @AleLaKuka… https://t.co/ZQDGmMLcuQ,0.0,1.0,0.0,0.0
290,@BBC,daytime viewer,Fri Sep 22 03:53:42 +0000 2017,"@dupr2015 @antonioguterres @realDonaldTrump @EmmanuelMacron @IntlCrimCourt @BBC EU IS KILLING ITS PEOPLE
UN WANTS T… https://t.co/RnQbLfehN8",0.0,0.732,0.268,-0.7297
291,@BBC,The ?mam,Fri Sep 22 03:52:58 +0000 2017,"@sondakikahabere @CNN @BBC @lemondefr yani Pkk'l? olduklar?n? bile bile bunu payla?man ilginç, bu ?ekilde alt taban?n?z? kaybediyorsunuz",0.0,1.0,0.0,0.0
292,@BBC,Jason Shepard,Fri Sep 22 03:52:32 +0000 2017,"RT @khurshid2hasan: They had faked the photos @BBC https://t.co/gqsAQyPkWG
#StopKillingRohingya #RohingyaCrisis #RohingyaGenocide #Burma #M…",0.0,1.0,0.0,0.0
293,@BBC,Michal Alakša,Fri Sep 22 03:52:31 +0000 2017,"RT @khurshid2hasan: They had faked the photos @BBC https://t.co/gqsAQyPkWG
#StopKillingRohingya #RohingyaCrisis #RohingyaGenocide #Burma #M…",0.0,1.0,0.0,0.0
294,@BBC,Lizzy Couture,Fri Sep 22 03:52:29 +0000 2017,"RT @khurshid2hasan: They had faked the photos @BBC https://t.co/gqsAQyPkWG
#StopKillingRohingya #RohingyaCrisis #RohingyaGenocide #Burma #M…",0.0,1.0,0.0,0.0
295,@BBC,Mary Frieson,Fri Sep 22 03:52:28 +0000 2017,"RT @khurshid2hasan: They had faked the photos @BBC https://t.co/gqsAQyPkWG
#StopKillingRohingya #RohingyaCrisis #RohingyaGenocide #Burma #M…",0.0,1.0,0.0,0.0
296,@BBC,Jennifer Smith,Fri Sep 22 03:52:27 +0000 2017,"RT @khurshid2hasan: They had faked the photos @BBC https://t.co/gqsAQyPkWG
#StopKillingRohingya #RohingyaCrisis #RohingyaGenocide #Burma #M…",0.0,1.0,0.0,0.0
297,@NYT,"Jose Tijam, PMP, CSM",Fri Sep 22 04:02:16 +0000 2017,"""In Germany, Blue-Collar Jobs Provide Bulwark to Populism"" via @NYT The New York Times https://t.co/y4UIG2ZDIY #businessnews #business #ne…",0.0,1.0,0.0,0.0
298,@NYT,cherskoubo,Fri Sep 22 03:47:50 +0000 2017,RT @NYT: Latest Obamacare Repeal Effort Is Most Far-Reaching. https://t.co/g0Tdjup2Pr,0.0,1.0,0.0,0.0
299,@NYT,cherskoubo,Fri Sep 22 03:47:14 +0000 2017,RT @NYT: Trump Likened to ‘a Dog Barking’ by North Korea’s Top Envoy. https://t.co/1whMKnUNMN,0.122,0.878,0.0,0.2023
300,@NYT,Quacker,Fri Sep 22 03:38:01 +0000 2017,@JoyceWhiteVance @maddow @NYT dolt they didn't find anything now de m turn on the hot seat,0.0,1.0,0.0,0.0
301,@NYT,Citizen1452,Fri Sep 22 03:27:48 +0000 2017,Kim 2 Trump’s Rocket Man: Mentally Deranged US Dotard via @NYT [Trump never learned action/reaction in grade school] https://t.co/QMbcwDLcjh,0.0,1.0,0.0,0.0
302,@NYT,MS.? MAC?AMERICA?,Fri Sep 22 03:16:36 +0000 2017,"RT @disings: .@CNN @MSNBC @NBC @ABC @washingtonpost @NYT
WHY didn't you share this news??? Didn't fit your narrative, huh?
https://t.co/4d2…",0.0,0.784,0.216,-0.607
303,@NYT,bryan hamm,Fri Sep 22 03:12:22 +0000 2017,@disings @CNN @MSNBC @nbc @ABC @washingtonpost @NYT That's why I love about President Trump,0.259,0.741,0.0,0.6369
304,@NYT,bryan hamm,Fri Sep 22 03:11:23 +0000 2017,"RT @disings: .@CNN @MSNBC @NBC @ABC @washingtonpost @NYT
WHY didn't you share this news??? Didn't fit your narrative, huh?
https://t.co/4d2…",0.0,0.784,0.216,-0.607
305,@NYT,Vicki Jay,Fri Sep 22 03:08:40 +0000 2017,"RT @disings: .@CNN @MSNBC @NBC @ABC @washingtonpost @NYT
WHY didn't you share this news??? Didn't fit your narrative, huh?
https://t.co/4d2…",0.0,0.784,0.216,-0.607
306,@NYT,Rhonda Hurley,Fri Sep 22 03:07:21 +0000 2017,"RT @disings: .@CNN @MSNBC @NBC @ABC @washingtonpost @NYT
WHY didn't you share this news??? Didn't fit your narrative, huh?
https://t.co/4d2…",0.0,0.784,0.216,-0.607
307,@NYT,JuanPonsMoyano???,Fri Sep 22 02:25:33 +0000 2017,@40Andaya @nytimes @thetimes @elpais_espana @LaVanguardia @UHmallorca @diariomallorca @C5N @pagina12 @penguinrandom… https://t.co/KrnTf7niCs,0.0,1.0,0.0,0.0
308,@NYT,"Jose Tijam, PMP, CSM",Fri Sep 22 02:15:54 +0000 2017,"""Megyn Kelly Is Ready for Her Morning Closeup"" via @NYT The New York Times https://t.co/EC5Nvl5uJ3 #businessnews #business #news",0.128,0.872,0.0,0.3612
309,@NYT,SquareOne™,Fri Sep 22 02:11:11 +0000 2017,Megyn Kelly Is Ready for Her Morning Closeup https://t.co/7DkplaYSv5 @NYT https://t.co/3FO3jdRrL6,0.2,0.8,0.0,0.3612
310,@NYT,SquareOne™,Fri Sep 22 02:11:09 +0000 2017,Latest Obamacare Repeal Effort Is Most Far-Reaching https://t.co/opcsrLPCcA @NYT https://t.co/STe9kaA0D2,0.0,1.0,0.0,0.0
311,@NYT,SquareOne™,Fri Sep 22 02:11:06 +0000 2017,"Writing Rupert, Playing Murdoch, Making ‘Ink’ https://t.co/jNyx3ePZrO @NYT https://t.co/MuCpkMjKWe",0.184,0.816,0.0,0.2023
312,@NYT,????,Fri Sep 22 01:58:25 +0000 2017,@BBC?@CNN?@NYT??The Comfort Women Controversy : Sex Slaves or Prostitutes?Gemki Fujii ?????: https://t.co/txFQdIKFiX  @youtube????,0.152,0.848,0.0,0.3612
313,@NYT,Bill Barrow,Fri Sep 22 01:52:20 +0000 2017,------&gt; RT @NYT: The Home Run Explosion Is Not Exactly Beyond Suspicion. https://t.co/AJc33yI2xk,0.0,0.822,0.178,-0.3818
314,@NYT,Michael,Fri Sep 22 01:47:49 +0000 2017,"RT @NYT: Scott Perry, New Knicks G.M., Likes Things ‘Clean and Neat’. https://t.co/asrtLr7n13",0.189,0.811,0.0,0.4215
315,@NYT,A Y O M I D E,Fri Sep 22 01:29:38 +0000 2017,"""Facebook’s Frankenstein Moment"" by KEVIN ROOSE via @NYT https://t.co/9pTkJyC0NM",0.0,1.0,0.0,0.0
316,@NYT,Antonio Velardo,Fri Sep 22 01:29:15 +0000 2017,"""Facebook’s Frankenstein Moment"" via @NYT https://t.co/Hm10gNbJ5H #technology",0.0,1.0,0.0,0.0
317,@NYT,????,Fri Sep 22 01:28:39 +0000 2017,"@BBC?@CNN?@NYT
????????Comfort Women the truth be told: https://t.co/WtPWyXy8AK",0.204,0.796,0.0,0.3182
318,@NYT,AVST-CX-E,Fri Sep 22 01:14:43 +0000 2017,A Glowing Cotton Study That Might Have Deserved Less Glowing Reviews https://t.co/5FpsIBNAiE @nyt #science https://t.co/Gbnxlq0yfL,0.0,1.0,0.0,0.0
319,@NYT,cjland,Fri Sep 22 01:14:39 +0000 2017,A Glowing Cotton Study That Might Have Deserved Less Glowing Reviews https://t.co/dNhG7J7RAb @nyt #science https://t.co/Pr4x4iuLSD,0.0,1.0,0.0,0.0
320,@NYT,Zaire,Fri Sep 22 01:11:44 +0000 2017,RT @NYT: Kim’s Rejoinder to Trump’s Rocket Man: ‘Mentally Deranged U.S. Dotard’. https://t.co/dsbAHVK0lV,0.0,1.0,0.0,0.0
321,@NYT,richard p. mchugh,Fri Sep 22 01:04:05 +0000 2017,RT @NYT: Kim’s Rejoinder to Trump’s Rocket Man: ‘Mentally Deranged U.S. Dotard’. https://t.co/dsbAHVK0lV,0.0,1.0,0.0,0.0
322,@NYT,YMCA Chicago,Fri Sep 22 01:00:05 +0000 2017,"Hey parents, what #apps are your kids and teens using? This @NYT article is a guide on what to look out for: 
https://t.co/VJ1oWSJxoI",0.0,1.0,0.0,0.0
323,@NYT,kmg,Fri Sep 22 00:51:43 +0000 2017,RT @NYT: Kim’s Rejoinder to Trump’s Rocket Man: ‘Mentally Deranged U.S. Dotard’. https://t.co/dsbAHVK0lV,0.0,1.0,0.0,0.0
324,@NYT,ReefScan,Fri Sep 22 00:39:13 +0000 2017,RT @NYT: Building a Better Coral Reef. https://t.co/cHMCuDaPnK,0.326,0.674,0.0,0.4404
325,@NYT,Doc holiday,Fri Sep 22 00:28:47 +0000 2017,@NewtTrump @MSNBC @GeorgiaDirtRoad @nyt @CNN  disgusting ????,0.0,0.638,0.362,-0.5267
326,@NYT,Joey Baker,Fri Sep 22 00:08:24 +0000 2017,@NYT The quotes from tech companies are pro-forma and don’t present _why_ they’re against SESTA.,0.0,1.0,0.0,0.0
327,@NYT,Joey Baker,Fri Sep 22 00:06:38 +0000 2017,"This should have been in the opinion section. https://t.co/j7ccJGudq6 @NYT tows the party line on SESTA, and as usual, against Tech.",0.119,0.881,0.0,0.4019
328,@NYT,Robin,Thu Sep 21 23:42:15 +0000 2017,@cnn @abc @nbc @RachelMaddow @ChrisCuomo @NYT please redeem and apologize @BarackObama @jeffsessions prosecute now!… https://t.co/OhuDmhSrnZ,0.214,0.642,0.144,0.0752
329,@NYT,Lynnette,Thu Sep 21 23:30:28 +0000 2017,@PoliticalShort @veganvecoh @NYT #FakeNews,0.0,1.0,0.0,0.0
330,@NYT,Mugisha Johnson,Thu Sep 21 22:49:20 +0000 2017,"RT @JoyceWhiteVance: @NYT 7/ The inquiry is whether an improper motive, ending the Russia investigation, converted an otherwise proper pers…",0.0,1.0,0.0,0.0
331,@NYT,The American Banker,Thu Sep 21 22:41:31 +0000 2017,@AP @zerohedge Sounds like the @NYT,0.333,0.667,0.0,0.3612
332,@NYT,Leticia Lopez,Thu Sep 21 22:34:49 +0000 2017,"RT @TruckersVote: - - - @NYT says its a long shot to repeal ACA, said same thing about Trump, so Fuck that! Call 202-224-3121 often.

 http…",0.0,0.814,0.186,-0.6988
333,@NYT,Chris King,Thu Sep 21 22:29:10 +0000 2017,"RT @EducatePodcast: Like  @NYT story ""From Prison to PhD?"" Listen to our documentary about college behind bars: https://t.co/W0UTDDibeN @sf…",0.11,0.746,0.145,-0.2023
334,@NYT,rick,Thu Sep 21 22:26:59 +0000 2017,"Good point @CNN @MSNBC @CBS @ABC @CBCNews @WAPO @NYT @TIME what do you say? Waiting but wont hold my breath, as Ur… https://t.co/QktrGUAHuN",0.081,0.919,0.0,0.2382
335,@NYT,#TheResistance ?,Thu Sep 21 22:23:48 +0000 2017,"@AARPadvocates @GaryRayBetz #BabyBoomer #millenials #GrahamCassidy #AARP #mustread ""Boomsday"" by Christopher Buckle… https://t.co/gN9Xv065Sn",0.0,1.0,0.0,0.0
336,@NYT,AKnyc,Thu Sep 21 22:15:36 +0000 2017,RT @NYT: Facebook to Turn Over Russian-Linked Ads to Congress. https://t.co/D2GOWNcxSO,0.0,1.0,0.0,0.0
337,@NYT,Antoni Ferrer,Thu Sep 21 21:58:01 +0000 2017,"RT @ThankYouFromCat: @lemondefr, @NYT, @thetimes . Catalonia is an oppressed country. #CataloniaUnderSiege https://t.co/2FQ7JAp80p",0.0,0.78,0.22,-0.4767
338,@NYT,"Jose Tijam, PMP, CSM",Thu Sep 21 21:57:40 +0000 2017,"""Latest Obamacare Repeal Effort is Most Far-Reaching"" via @NYT The New York Times https://t.co/MO96GMMn1H #health #healthnews #news",0.0,1.0,0.0,0.0
339,@NYT,WhatIsReal,Thu Sep 21 21:48:18 +0000 2017,"The @NYT tries to provoke more protests -  Deaf Man Is Fatally Shot by Oklahoma City Police Officer, Despite Pleas https://t.co/3hVL3WzyPo",0.0,0.652,0.348,-0.8439
340,@NYT,SquareOne™,Thu Sep 21 21:40:25 +0000 2017,Facebook to Turn Over Russian-Linked Ads to Congress https://t.co/L22bKHUhc9 @NYT https://t.co/Esqb9t8lDl,0.0,1.0,0.0,0.0
341,@NYT,SquareOne™,Thu Sep 21 21:40:22 +0000 2017,"Katherine M. Bonniwell, Life Magazine Publisher, Dies at 70 https://t.co/9oq11PBwFY @NYT https://t.co/9FASlHG9v5",0.0,1.0,0.0,0.0
342,@NYT,SquareOne™,Thu Sep 21 21:40:19 +0000 2017,"It’s the U.N.’s Week, but Executives Make It a High-Minded Mingle https://t.co/mgdH8D7R0c @NYT https://t.co/jO8oqgKtKJ",0.0,1.0,0.0,0.0
343,@NYT,SquareOne™,Thu Sep 21 21:40:14 +0000 2017,Ryanair Apologizes Over Mass Cancellations Caused by Pilot Vacations https://t.co/ryC9WeFYlw @NYT https://t.co/6anr8KCFyI,0.185,0.815,0.0,0.3612
344,@NYT,lolo in cali ????,Thu Sep 21 21:31:44 +0000 2017,"@nyt reports... 
must be real news then ?
 https://t.co/cPK1S98m7w",0.0,1.0,0.0,0.0
345,@NYT,genereaux,Thu Sep 21 21:27:48 +0000 2017,"@LindaLeeYou123 @JoyceWhiteVance @NYT We need ""We The People"" to come together is the swamp is ever to be drained..… https://t.co/uTVgfJVcmX",0.0,1.0,0.0,0.0
346,@NYT,TinaMG,Thu Sep 21 21:24:13 +0000 2017,Look at @NYT stirring up the pot...utter BS to say about #alternativeMedia on @youtube #MainStreamMedia #lies https://t.co/7znQtuuJrN,0.0,1.0,0.0,0.0
347,@NYT,Nova Stella,Thu Sep 21 21:16:21 +0000 2017,"RT @OliverSacks: #Autism and the police: let's educate. Thank you for raising our awareness,@stevesilberman and @NYT https://t.co/uSDW1Mqk6J",0.135,0.865,0.0,0.3612
348,@NYT,Barmak Nassirian,Thu Sep 21 21:12:38 +0000 2017,"RT @EducatePodcast: Like  @NYT story ""From Prison to PhD?"" Listen to our documentary about college behind bars: https://t.co/W0UTDDibeN @sf…",0.11,0.746,0.145,-0.2023
349,@NYT,Emily Hanford,Thu Sep 21 21:06:20 +0000 2017,"RT @EducatePodcast: Like  @NYT story ""From Prison to PhD?"" Listen to our documentary about college behind bars: https://t.co/W0UTDDibeN @sf…",0.11,0.746,0.145,-0.2023
350,@NYT,JessRenard,Thu Sep 21 20:57:40 +0000 2017,@antoniovelardo_ @NYT Political ad reg compliance... wasn't a thing prior?,0.0,1.0,0.0,0.0
351,@NYT,Lasstrin45,Thu Sep 21 20:50:54 +0000 2017,"@NYT Since Aryan and Neo_Nazis supported Trump's wild, bombastic pro-war rhetoric during his election, this should alarm all of us.",0.101,0.793,0.106,-0.0258
352,@NYT,A Y O M I D E,Thu Sep 21 20:46:59 +0000 2017,"""Facebook to Turn Over Russian-Linked Ads to Congress"" by SCOTT SHANE and MIKE ISAAC via @NYT https://t.co/rzfYl82vC3",0.0,1.0,0.0,0.0
353,@NYT,Antonio Velardo,Thu Sep 21 20:46:22 +0000 2017,"""Facebook to Turn Over Russian-Linked Ads to Congress"" via @NYT https://t.co/aojKFWitVa #technology",0.0,1.0,0.0,0.0
354,@NYT,DeplorableMe??TRUMP,Thu Sep 21 20:45:44 +0000 2017,"RT @disings: .@CNN @MSNBC @NBC @ABC @washingtonpost @NYT
WHY didn't you share this news??? Didn't fit your narrative, huh?
https://t.co/4d2…",0.0,0.784,0.216,-0.607
355,@NYT,Boriken,Thu Sep 21 20:40:16 +0000 2017,"RT @disings: .@CNN @MSNBC @NBC @ABC @washingtonpost @NYT
WHY didn't you share this news??? Didn't fit your narrative, huh?
https://t.co/4d2…",0.0,0.784,0.216,-0.607
356,@NYT,richard p. mchugh,Thu Sep 21 20:39:34 +0000 2017,"RT @NYT: Bernie Casey, Actor Who Glided Away From Football, Dies at 78. https://t.co/RryTIovUvZ",0.0,1.0,0.0,0.0
357,@NYT,Daisy,Thu Sep 21 20:38:52 +0000 2017,"RT @disings: .@CNN @MSNBC @NBC @ABC @washingtonpost @NYT
WHY didn't you share this news??? Didn't fit your narrative, huh?
https://t.co/4d2…",0.0,0.784,0.216,-0.607
358,@NYT,"Jose Tijam, PMP, CSM",Thu Sep 21 20:38:37 +0000 2017,"""Facebook’s Frankenstein Moment"" via @NYT The New York Times https://t.co/8VILQgLqM2 #news #tech #technews",0.0,1.0,0.0,0.0
359,@NYT,Diane A ?,Thu Sep 21 20:37:26 +0000 2017,"RT @disings: .@CNN @MSNBC @NBC @ABC @washingtonpost @NYT
WHY didn't you share this news??? Didn't fit your narrative, huh?
https://t.co/4d2…",0.0,0.784,0.216,-0.607
360,@NYT,Kathy Ramirez,Thu Sep 21 20:33:43 +0000 2017,"RT @disings: .@CNN @MSNBC @NBC @ABC @washingtonpost @NYT
WHY didn't you share this news??? Didn't fit your narrative, huh?
https://t.co/4d2…",0.0,0.784,0.216,-0.607
361,@NYT,Lasstrin45,Thu Sep 21 20:28:41 +0000 2017,@NYT Umm... what is it?,0.0,1.0,0.0,0.0
362,@NYT,??SHEEPDOG ??,Thu Sep 21 20:17:47 +0000 2017,"RT @disings: .@CNN @MSNBC @NBC @ABC @washingtonpost @NYT
WHY didn't you share this news??? Didn't fit your narrative, huh?
https://t.co/4d2…",0.0,0.784,0.216,-0.607
363,@NYT,Dianne,Thu Sep 21 20:14:40 +0000 2017,".@CNN @MSNBC @NBC @ABC @washingtonpost @NYT
WHY didn't you share this news??? Didn't fit your narrative, huh?
https://t.co/4d2kj3tWXV",0.0,0.763,0.237,-0.607
364,@NYT,Bandislife2004,Thu Sep 21 20:14:00 +0000 2017,"RT @JoyceWhiteVance: @NYT 7/ The inquiry is whether an improper motive, ending the Russia investigation, converted an otherwise proper pers…",0.0,1.0,0.0,0.0
365,@NYT,Dr R A Bergemann,Thu Sep 21 20:02:39 +0000 2017,"RT @OliverSacks: #Autism and the police: let's educate. Thank you for raising our awareness,@stevesilberman and @NYT https://t.co/uSDW1Mqk6J",0.135,0.865,0.0,0.3612
366,@NYT,Asperger Leaders,Thu Sep 21 20:01:16 +0000 2017,"RT @OliverSacks: #Autism and the police: let's educate. Thank you for raising our awareness,@stevesilberman and @NYT https://t.co/uSDW1Mqk6J",0.135,0.865,0.0,0.3612
367,@NYT,"Jose Tijam, PMP, CSM",Thu Sep 21 20:00:55 +0000 2017,"""Katherine M. Bonniwell, Life Magazine Publisher, Dies at 70"" via @NYT The New York Times https://t.co/0UbrskRlng #businessnews #business …",0.0,1.0,0.0,0.0
368,@NYT,"Jose Tijam, PMP, CSM",Thu Sep 21 19:53:20 +0000 2017,"""Facebook to Turn Over Russian-Linked Ads to Congress"" via @NYT The New York Times https://t.co/mgCPPbMVEj #news #tech #technews",0.0,1.0,0.0,0.0
369,@NYT,"Jose Tijam, PMP, CSM",Thu Sep 21 19:46:27 +0000 2017,"""It’s the U.N.’s Week, but Executives Make It a High-Minded Mingle"" via @NYT The New York Times https://t.co/687jeNmr8C #businessnews #bus…",0.0,1.0,0.0,0.0
370,@NYT,A Y O M I D E,Thu Sep 21 19:16:47 +0000 2017,"""Retiring the Google Drive Desktop App"" by J. D. BIERSDORFER via @NYT https://t.co/wxvSqI1yWx",0.0,1.0,0.0,0.0
371,@NYT,Antonio Velardo,Thu Sep 21 19:16:18 +0000 2017,"""Retiring the Google Drive Desktop App"" via @NYT https://t.co/fKAkQ00i9i #technology",0.0,1.0,0.0,0.0
372,@NYT,AVST-CX-E,Thu Sep 21 19:15:14 +0000 2017,"Trilobites: For Neanderthals, Growing Big Brains Took More Time https://t.co/wJb5NK9ue1 @nyt #science https://t.co/9Swu6kjTHx",0.124,0.876,0.0,0.1779
373,@NYT,cjland,Thu Sep 21 19:15:07 +0000 2017,"Trilobites: For Neanderthals, Growing Big Brains Took More Time https://t.co/d6ILYTla5q @nyt #science https://t.co/VqvwqWAj46",0.124,0.876,0.0,0.1779
374,@NYT,Maria do Carmo Tieri,Thu Sep 21 19:13:25 +0000 2017,RT @MBARI_News: Mexico Has an #Earthquake Warning System. Where is #California’s? https://t.co/mpCrzw0jol @NYT https://t.co/29nGoZvGoT,0.0,0.844,0.156,-0.34
375,@NYT,Nessus,Thu Sep 21 19:10:39 +0000 2017,@NYT Damn shame we didn’t NUKE Nazis too,0.0,0.508,0.492,-0.7003
376,@NYT,Elaine Markey,Thu Sep 21 19:06:27 +0000 2017,"RT @OliverSacks: #Autism and the police: let's educate. Thank you for raising our awareness,@stevesilberman and @NYT https://t.co/uSDW1Mqk6J",0.135,0.865,0.0,0.3612
377,@NYT,Glenn Bluemel,Thu Sep 21 18:46:38 +0000 2017,"RT @TruckersVote: - - - @NYT says its a long shot to repeal ACA, said same thing about Trump, so Fuck that! Call 202-224-3121 often.

 http…",0.0,0.814,0.186,-0.6988
378,@NYT,ThanksFromCatalonia,Thu Sep 21 18:41:09 +0000 2017,"@lemondefr, @SZ, @NYT, @DesSpiegel, @thetimes CATALANS want to vote. JUST to vote! https://t.co/4wwaqNDZgc",0.117,0.883,0.0,0.1511
379,@NYT,Larry Smith,Thu Sep 21 18:40:30 +0000 2017,"RT @TruckersVote: - - - @NYT says its a long shot to repeal ACA, said same thing about Trump, so Fuck that! Call 202-224-3121 often.

 http…",0.0,0.814,0.186,-0.6988
380,@NYT,The Trucker Vote,Thu Sep 21 18:39:53 +0000 2017,"RT @TruckersVote: - - - @NYT says its a long shot to repeal ACA, said same thing about Trump, so Fuck that! Call 202-224-3121 often.

 http…",0.0,0.814,0.186,-0.6988
381,@NYT,Turki Aljuhani,Thu Sep 21 18:35:15 +0000 2017,"RT @OliverSacks: #Autism and the police: let's educate. Thank you for raising our awareness,@stevesilberman and @NYT https://t.co/uSDW1Mqk6J",0.135,0.865,0.0,0.3612
382,@NYT,?????? ??????,Thu Sep 21 18:35:04 +0000 2017,"RT @OliverSacks: #Autism and the police: let's educate. Thank you for raising our awareness,@stevesilberman and @NYT https://t.co/uSDW1Mqk6J",0.135,0.865,0.0,0.3612
383,@NYT,"Jose Tijam, PMP, CSM",Thu Sep 21 18:33:11 +0000 2017,"""Ryanair Apologizes Over Mass Cancellations Caused by Pilot Vacations"" via @NYT The New York Times https://t.co/IlvnypBJLL #businessnews #…",0.128,0.872,0.0,0.3612
384,@NYT,Linda Lee,Thu Sep 21 18:10:29 +0000 2017,@genereaux64 @JoyceWhiteVance @NYT His job's being fired so I guess so. Mainstream media/ Congress should wait for… https://t.co/KS8hV9Dt92,0.0,0.816,0.184,-0.5574
385,@NYT,MBARI,Thu Sep 21 18:10:16 +0000 2017,Mexico Has an #Earthquake Warning System. Where is #California’s? https://t.co/mpCrzw0jol @NYT https://t.co/29nGoZvGoT,0.0,0.821,0.179,-0.34
386,@NYT,Zenefits,Thu Sep 21 18:10:03 +0000 2017,"According to the @NYT, @bhorowitz is helping define the modern tech age. We’re all ears over here at #SHIFT17!… https://t.co/vRjjXXBhUo",0.116,0.884,0.0,0.3595
387,@NYT,Linda Lee,Thu Sep 21 18:06:54 +0000 2017,"@genereaux64 @JoyceWhiteVance @NYT U know how it works, politician does what the billionaires want –then gets a mil… https://t.co/S1VxOac2KW",0.075,0.925,0.0,0.0772
388,@NYT,Daniel StPeter,Thu Sep 21 18:01:19 +0000 2017,RT @NWHardwood1: @seanmdav Well....surprise surprise  the @NYT and @CNN making excuses for their useful idiot!,0.257,0.583,0.16,0.2481
389,@NYT,ThanksFromCatalonia,Thu Sep 21 18:01:01 +0000 2017,"RT @ThankYouFromCat: BARCELONA, Tarragona, Lleida, Girona.CATALONIA resists! Spain is not a democracy @lemondefr, @NYT, @LeFigaro_France, @…",0.0,1.0,0.0,0.0
390,@NYT,Eric Whitney,Thu Sep 21 18:00:44 +0000 2017,"@nytopinion @CandaceTX How about the corrupting effect of big money on media, including you, .@nyt ? It all forms a big vicious circle.",0.0,0.889,0.111,-0.3612
391,@NYT,SquareOne™,Thu Sep 21 17:50:15 +0000 2017,"Liliane Bettencourt, L’Oréal Heiress Vexed by Swindling Case, Is Dead at 94 https://t.co/DKip8LW23C @NYT https://t.co/HcHLOARSxz",0.0,0.64,0.36,-0.8074
392,@NYT,SquareOne™,Thu Sep 21 17:50:10 +0000 2017,US Stock Indexes Dip in Afternoon Trading; Oil Falling https://t.co/fC6TznKzyx @NYT https://t.co/yuYfcAoiei,0.0,0.873,0.127,-0.1531
393,@NYT,Allie,Thu Sep 21 17:41:45 +0000 2017,"RT @OliverSacks: #Autism and the police: let's educate. Thank you for raising our awareness,@stevesilberman and @NYT https://t.co/uSDW1Mqk6J",0.135,0.865,0.0,0.3612
394,@NYT,Wendy Roberts,Thu Sep 21 17:37:01 +0000 2017,"RT @OliverSacks: #Autism and the police: let's educate. Thank you for raising our awareness,@stevesilberman and @NYT https://t.co/uSDW1Mqk6J",0.135,0.865,0.0,0.3612
395,@NYT,James Ellsworth PhD,Thu Sep 21 17:35:08 +0000 2017,"RT @OliverSacks: #Autism and the police: let's educate. Thank you for raising our awareness,@stevesilberman and @NYT https://t.co/uSDW1Mqk6J",0.135,0.865,0.0,0.3612
396,@NYT,NWHardWood1,Thu Sep 21 17:34:31 +0000 2017,@seanmdav Well....surprise surprise  the @NYT and @CNN making excuses for their useful idiot!,0.285,0.538,0.177,0.2481
397,@CBS,Kyla Cunningham,Fri Sep 22 05:08:09 +0000 2017,"RT @foofighters: Did it? Nahhh.
West Coast tune in to @JKCorden on the @latelateshow tonight at 12:37 on @cbs
#CarpoolKaraoke https://t.co/…",0.0,1.0,0.0,0.0
398,@CBS,TheDon45,Fri Sep 22 05:06:42 +0000 2017,"RT @SusanStormXO: ?NEW LOGO OF #MSM ?

SMELL SH?T
Shoveled Fresh
Its all we serve @CNN @ABC @NBCNews @maddow @CBS 
Fresh Hot Piles of Poo D…",0.167,0.833,0.0,0.5574
399,@CBS,Nate ?,Fri Sep 22 05:06:27 +0000 2017,Apparently @CBS still thinks it’s the year 2001 and requires Flash to stream @startrekcbs on desktop.… https://t.co/355tcckxnY,0.0,1.0,0.0,0.0
400,@CBS,#THEMEDIALIEZ,Fri Sep 22 05:06:00 +0000 2017,one of your own .one of your best ( i don't say that often)/ NOBODY willing to REPORT? what if it were U? @CNN… https://t.co/52S8JKQvUA,0.172,0.828,0.0,0.6767
401,@CBS,issabeautiful?????,Fri Sep 22 05:05:25 +0000 2017,RT @CBS: Screenwriter and actress @LenaWaithe made history at this year's #Emmys. Watch her powerful acceptance speech: https://t.co/f44lGi…,0.266,0.734,0.0,0.7003
402,@CBS,SmitDog,Fri Sep 22 05:04:43 +0000 2017,"RT @SusanStormXO: ?NEW LOGO OF #MSM ?

SMELL SH?T
Shoveled Fresh
Its all we serve @CNN @ABC @NBCNews @maddow @CBS 
Fresh Hot Piles of Poo D…",0.167,0.833,0.0,0.5574
403,@CBS,Kyle Bounsall,Fri Sep 22 05:04:24 +0000 2017,@CBS please renew @ZooCBS for season 4,0.315,0.685,0.0,0.3182
404,@CBS,brenda sylvester,Fri Sep 22 05:03:46 +0000 2017,@DNC @CNN @MSNBC @CBS @NBCNEWS @NYTIMES @WAPO @ABC ECT.!!! DON'T TRUST ONE THING FROM THESE PATHETIC LIARS! https://t.co/4T4zR1ahCG,0.14,0.521,0.338,-0.7718
405,@CBS,Mr. PEC-Tacular™,Fri Sep 22 05:03:27 +0000 2017,"RT @MrPEC_Tacular: LOVE my @CBS fam!!

Last month, guest-starred on Daytime's #1 SHOW @YRInsider!

This month, on Primetime's #1 SHOW @CBSB…",0.225,0.775,0.0,0.7788
406,@CBS,Marilyn Munstereaux,Fri Sep 22 05:03:24 +0000 2017,RT @CBS: Mark your calendars for a spooky special! 'Michael Jackson's Halloween' will air October 27 on CBS: https://t.co/V9pgBkjOeu https:…,0.143,0.857,0.0,0.4574
407,@CBS,Auntygravity,Fri Sep 22 05:03:22 +0000 2017,RT @RCCRUISER2006: @DollyParton @CBS @TelevisionAcad I didn't watch #Emmys due to POOR TASTE &amp; anti-?? themes. I am SHOCKED at Dolly for be…,0.0,0.735,0.265,-0.7824
408,@CBS,Matthew  J. Renaud,Fri Sep 22 05:02:13 +0000 2017,The abuses of power are slowly yet surely coming to the surface....#russiagate #obama @cbs @cnn #TrumpRussia… https://t.co/L9WatHATFx,0.135,0.698,0.167,-0.1779
409,@CBS,Silence Dogood,Fri Sep 22 05:01:57 +0000 2017,@ThePopeResign @logoguys @Telegraph @TMZ @ABC @CBS @nbc @HBO @fox @MTV @upn @TBN @CNN @ArianaGrande @MileyCyrus… https://t.co/wGr3qHKwmn,0.0,1.0,0.0,0.0
410,@CBS,?ay,Fri Sep 22 05:01:55 +0000 2017,"RT @SusanStormXO: ?NEW LOGO OF #MSM ?

SMELL SH?T
Shoveled Fresh
Its all we serve @CNN @ABC @NBCNews @maddow @CBS 
Fresh Hot Piles of Poo D…",0.167,0.833,0.0,0.5574
411,@CBS,Tea Party Mike,Fri Sep 22 05:01:35 +0000 2017,"RT @faagifts: Hannity 9/21/17=Hannity Fox News September 21, 2017 https://t.co/4zmcG9tVow via @YouTube @CNN @ABC @CBS @MSNBC ''LIBERALS=HIL…",0.0,1.0,0.0,0.0
412,@CBS,Tea Party Mike,Fri Sep 22 05:01:32 +0000 2017,"RT @faagifts: Hannity 9/21/17 | Hannity Fox News September 21, 2017 https://t.co/4zmcG9tVow via @YouTube @CNN @ABC @CBS ==WILL NOT TELL U T…",0.0,1.0,0.0,0.0
413,@CBS,Tea Party Mike,Fri Sep 22 05:01:26 +0000 2017,"RT @faagifts: Hannity 9/21/17 | Hannity Fox News September 21, 2017 https://t.co/4zmcG9tVow via @YouTube @CNN @ABC @CBS ==CNN=HILLARY=ABC-C…",0.0,1.0,0.0,0.0
414,@CBS,Tea Party Mike,Fri Sep 22 05:01:22 +0000 2017,"RT @faagifts: Hannity 9/21/17 | Hannity Fox News September 21, 2017 https://t.co/4zmcG9tVow via @YouTube @CNN @ABC @CBS ''LIBERALS ARE STIL…",0.0,1.0,0.0,0.0
415,@CBS,Tea Party Mike,Fri Sep 22 05:01:20 +0000 2017,"RT @faagifts: Hannity 9/21/17 | Hannity Fox News September 21, 2017 https://t.co/4zmcG9tVow via @YouTube @CNN @ABC @CBS =MEDIA LIES 2 U'' R…",0.0,0.843,0.157,-0.5473
416,@CBS,Tea Party Mike,Fri Sep 22 05:01:18 +0000 2017,"RT @faagifts: Hannity9/21/17=Hannity Fox News September 21,2017 https://t.co/4zmcG9tVow via @YouTube @CNN @ABC @CBS 'CNN-ABC-CBS=ALL LIES '…",0.0,0.809,0.191,-0.5473
417,@CBS,S.A.S.H.A.,Fri Sep 22 05:01:04 +0000 2017,RT @CrimMinds_CBS: The BAU is back in one week on @CBS! #CriminalMinds https://t.co/styGIbqSZe,0.0,1.0,0.0,0.0
418,@CBS,Megan Wain,Fri Sep 22 05:00:22 +0000 2017,"RT @MrPEC_Tacular: LOVE my @CBS fam!!

Last month, guest-starred on Daytime's #1 SHOW @YRInsider!

This month, on Primetime's #1 SHOW @CBSB…",0.225,0.775,0.0,0.7788
419,@CBS,justin ingram,Fri Sep 22 05:00:09 +0000 2017,"RT @CBS: New missions, new heroes, new worlds. Discover it all this SUNDAY with CBS All Access! https://t.co/un7KUmzzde",0.174,0.826,0.0,0.5562
420,@CBS,Clara brown,Fri Sep 22 05:00:08 +0000 2017,"RT @theratzpack: .if @CNN @msnbc @ABC @CBS @NBC are ok with it then that means the Trump admin can do it too.  wiretap,spy,leak,unmask. rig…",0.087,0.913,0.0,0.296
421,@CBS,? P.R.I.N.C.E. ?,Fri Sep 22 04:58:06 +0000 2017,RT @CBS: Mark your calendars for a spooky special! 'Michael Jackson's Halloween' will air October 27 on CBS: https://t.co/V9pgBkjOeu https:…,0.143,0.857,0.0,0.4574
422,@CBS,Alex lara,Fri Sep 22 04:58:05 +0000 2017,"RT @High_Profits: $AZFL AMAZONAS FLORESTAL - Set To Fly Higher AZFL

https://t.co/N9hEJhIIvR

@CNBC @CNBCI @CnnMoney @ABC @NBC @CBS @busine…",0.0,1.0,0.0,0.0
423,@CBS,Ivana,Fri Sep 22 04:57:38 +0000 2017,"@CBSTVStudios @CBS @ZOO  Came across the show a few days ago on Netflix. Beyond happy I came across it,  I mean it’s AMAZING!",0.321,0.679,0.0,0.8599
424,@CBS,NoMoreCopKillers,Fri Sep 22 04:57:01 +0000 2017,"@ncar999 @DollyParton @CBS @TelevisionAcad Leave her alone, she hasnt said a thing, she dont deserve to be bashed,… https://t.co/SCPuRZK8ti",0.0,0.833,0.167,-0.296
425,@CBS,L$ ?,Fri Sep 22 04:56:57 +0000 2017,RT @CBS: Screenwriter and actress @LenaWaithe made history at this year's #Emmys. Watch her powerful acceptance speech: https://t.co/f44lGi…,0.266,0.734,0.0,0.7003
426,@CBS,Gallant??Warrior,Fri Sep 22 04:56:13 +0000 2017,"@CBS Who needs startrek, when we have #TheOrville now? Let it die. We won't be watching it.",0.0,0.804,0.196,-0.5994
427,@CBS,Lisa  Boadwine,Fri Sep 22 04:55:07 +0000 2017,@KennedyV95 @CBS I totally disagree with you I feel @DrPhil will be calling her soon.,0.0,0.806,0.194,-0.4391
428,@CBS,#THEMEDIALIEZ,Fri Sep 22 04:54:11 +0000 2017,".if @CNN @msnbc @ABC @CBS @NBC are ok with it then that means the Trump admin can do it too.  wiretap,spy,leak,unma… https://t.co/Lod5250Wim",0.095,0.905,0.0,0.296
429,@CBS,pietrmi,Fri Sep 22 04:53:54 +0000 2017,"RT @704Livin: RT IF YOU'RE BOYCOTTING: Steven Colbert &amp;
THE EMMY AWARDS ON @CBS @CBSNews #TheEmmys #BoycottTheEmmys 

#MAGA",0.161,0.691,0.148,0.0772
430,@CBS,Anessa Chow,Fri Sep 22 04:53:54 +0000 2017,"RT @BullCBS: #Bull is back! Don't miss the season 2 premiere on Tuesday, Sept. 26 at 9/8c on @CBS and CBS All Access. https://t.co/Ol57rpDY…",0.073,0.927,0.0,0.1867
431,@CBS,stefanie lassiter,Fri Sep 22 04:53:26 +0000 2017,@realZiplok @CBS You go baby! #MAGA,0.0,1.0,0.0,0.0
432,@CBS,brynn,Fri Sep 22 04:53:03 +0000 2017,OMG my rabbit ear antenna gets @CBS &amp; @JKCorden!!! DYING RN ???,0.0,1.0,0.0,0.0
433,@CBS,Angie Kucharski,Fri Sep 22 04:52:45 +0000 2017,RT @BroadwayLeague: #TBT to @YoungSheldon star @IainLoveTheatre at #KidsNightonBroadway 2015! See him star on @CBS this Monday 9/25! #HeWas…,0.0,1.0,0.0,0.0
434,@CBS,Tai Davis,Fri Sep 22 04:52:37 +0000 2017,@CBS @LenaWaithe This is all kinds of AMAZING!!!! ????,0.0,1.0,0.0,0.0
435,@CBS,Donna Gendell Harris,Fri Sep 22 04:52:03 +0000 2017,@BudMeyers99 @therealroseanne @TuckerCarlson @StephenAtHome @CBSNews @CBS @IvankaTrump @EricTrump @DonaldJTrumpJr T… https://t.co/mtno2uFoQA,0.0,1.0,0.0,0.0
436,@CBS,Tai Davis,Fri Sep 22 04:50:33 +0000 2017,RT @CBS: Screenwriter and actress @LenaWaithe made history at this year's #Emmys. Watch her powerful acceptance speech: https://t.co/f44lGi…,0.266,0.734,0.0,0.7003
437,@CBS,!CELEBRITY NEWS,Fri Sep 22 04:50:18 +0000 2017,@CBS @LenaWaithe congrats you are so cute.  We like your shirt ??,0.527,0.473,0.0,0.8759
438,@CBS,Bill Bickley,Fri Sep 22 04:48:32 +0000 2017,"RT @CBS: At the edge of the universe, discovery begins. Star Trek: Discovery arrives Sunday! https://t.co/5J9hDCvULL https://t.co/hGP6LdX6Xo",0.0,1.0,0.0,0.0
439,@CBS,Terence Ngolo,Fri Sep 22 04:48:20 +0000 2017,RT @tikryite: @realDonaldTrump @mike_pence @Franklin_Graham @CBS @PutinRF_Eng God chose u to free the oppress of this era #FreeAllArrested…,0.265,0.735,0.0,0.6597
440,@CBS,Karlita Amelia ?,Fri Sep 22 04:48:17 +0000 2017,RT @CrimMinds_CBS: Quiz: Which @CBS crime-fighting team do you belong on? See if you should join the BAU: https://t.co/bgzHIGiPou #Criminal…,0.104,0.896,0.0,0.296
441,@CBS,Steve Beverly,Fri Sep 22 04:47:53 +0000 2017,"60 years ago tonight....The immortal Eleanor Audley and Jim Fairfax in ""Susanna Plays Cupid"" on 'Oh Susanna! (The Gale Storm Show)' on @CBS.",0.17,0.83,0.0,0.5093
442,@CBS,marilyn,Fri Sep 22 04:46:12 +0000 2017,RT @CBS: Mark your calendars for a spooky special! 'Michael Jackson's Halloween' will air October 27 on CBS: https://t.co/V9pgBkjOeu https:…,0.143,0.857,0.0,0.4574
443,@CBS,Alice,Fri Sep 22 04:45:31 +0000 2017,@larrystylinson I want my Cary Agos/Kalinda spin-off NOW @CBS @TheGoodWife_CBS,0.14,0.86,0.0,0.0772
444,@CBS,Charity Burkett,Fri Sep 22 04:45:30 +0000 2017,"RT @SusanStormXO: ?NEW LOGO OF #MSM ?

SMELL SH?T
Shoveled Fresh
Its all we serve @CNN @ABC @NBCNews @maddow @CBS 
Fresh Hot Piles of Poo D…",0.167,0.833,0.0,0.5574
445,@CBS,BLM ??POCM ??TRANSLM,Fri Sep 22 04:45:09 +0000 2017,RT @CBS: Screenwriter and actress @LenaWaithe made history at this year's #Emmys. Watch her powerful acceptance speech: https://t.co/f44lGi…,0.266,0.734,0.0,0.7003
446,@CBS,LGBTI Rights,Fri Sep 22 04:45:09 +0000 2017,@abcnews @davidlipson So sad that the independence of the ABC so critically compromised by constant threats against… https://t.co/LhI5bW5jEV,0.0,0.721,0.279,-0.7346
447,@CBS,Vick V.Vee Alexander,Fri Sep 22 04:44:58 +0000 2017,RT @CBS: Screenwriter and actress @LenaWaithe made history at this year's #Emmys. Watch her powerful acceptance speech: https://t.co/f44lGi…,0.266,0.734,0.0,0.7003
448,@CBS,Victoria,Fri Sep 22 04:44:05 +0000 2017,"RT @CBS: At the edge of the universe, discovery begins. Star Trek: Discovery arrives Sunday! https://t.co/bZaQw7Gbbw https://t.co/P19XmhlAiK",0.0,1.0,0.0,0.0
449,@CBS,.,Fri Sep 22 04:43:28 +0000 2017,RT @fmfile1: #RenewZoo #ZooCbs @CBSTVStudios @CBS Excellent Job!! https://t.co/Dw4lTWhYE1,0.349,0.651,0.0,0.6467
450,@CBS,Samantha Crane,Fri Sep 22 04:42:38 +0000 2017,RT @CBS: Screenwriter and actress @LenaWaithe made history at this year's #Emmys. Watch her powerful acceptance speech: https://t.co/f44lGi…,0.266,0.734,0.0,0.7003
451,@CBS,Teresa Cisneros,Fri Sep 22 04:41:39 +0000 2017,RT @CBS: Screenwriter and actress @LenaWaithe made history at this year's #Emmys. Watch her powerful acceptance speech: https://t.co/f44lGi…,0.266,0.734,0.0,0.7003
452,@CBS,Steve Beverly,Fri Sep 22 04:40:05 +0000 2017,"60 years ago tonight....'Perry Mason' premieres with Whitney Blake in ""The Case of the Careless Redhead"" starring Raymond Burr on @CBS.",0.0,0.889,0.111,-0.3612
453,@CBS,JG,Fri Sep 22 04:39:04 +0000 2017,Great job for @CBS Steven Colbert! Bet all those advertisers were happy with ratings! https://t.co/FyxJIMLOsS,0.392,0.608,0.0,0.855
454,@CBS,David Crownson,Fri Sep 22 04:38:15 +0000 2017,RT @CBS: Screenwriter and actress @LenaWaithe made history at this year's #Emmys. Watch her powerful acceptance speech: https://t.co/f44lGi…,0.266,0.734,0.0,0.7003
455,@CBS,Homie,Fri Sep 22 04:38:05 +0000 2017,RT @CBS: Screenwriter and actress @LenaWaithe made history at this year's #Emmys. Watch her powerful acceptance speech: https://t.co/f44lGi…,0.266,0.734,0.0,0.7003
456,@CBS,Gaming Crisis,Fri Sep 22 04:37:44 +0000 2017,RT @CBS: Screenwriter and actress @LenaWaithe made history at this year's #Emmys. Watch her powerful acceptance speech: https://t.co/f44lGi…,0.266,0.734,0.0,0.7003
457,@CBS,Shaolin Podcastic,Fri Sep 22 04:37:35 +0000 2017,RT @CBS: Screenwriter and actress @LenaWaithe made history at this year's #Emmys. Watch her powerful acceptance speech: https://t.co/f44lGi…,0.266,0.734,0.0,0.7003
458,@CBS,Steve Beverly,Fri Sep 22 04:37:02 +0000 2017,60 years ago today.....Cardinals at Reds on 'Baseball Game of the Week' with Dizzy Dean and Buddy Blattner live on @CBS.,0.0,0.913,0.087,-0.2263
459,@CBS,Lena Waithe,Fri Sep 22 04:36:55 +0000 2017,RT @CBS: Screenwriter and actress @LenaWaithe made history at this year's #Emmys. Watch her powerful acceptance speech: https://t.co/f44lGi…,0.266,0.734,0.0,0.7003
460,@CBS,LV Deplorable,Fri Sep 22 04:36:50 +0000 2017,"Soros Dem ""Main Stream Media"" in All It's Glory! Taken directly from Hitler's Playbook! @ABC @CBS @NBC @CNN @MSNBC… https://t.co/84UK6cMBNZ",0.177,0.823,0.0,0.6229
461,@CBS,Tim Sherman,Fri Sep 22 04:34:48 +0000 2017,"RT @faagifts: Hannity9/21/17=Hannity Fox News September 21,2017 https://t.co/4zmcG9tVow via @YouTube @CNN @ABC @CBS 'CNN-ABC-CBS=ALL LIES '…",0.0,0.809,0.191,-0.5473
462,@CBS,Tim Sherman,Fri Sep 22 04:34:45 +0000 2017,"RT @faagifts: Hannity 9/21/17 | Hannity Fox News September 21, 2017 https://t.co/4zmcG9tVow via @YouTube @CNN @ABC @CBS =MEDIA LIES 2 U'' R…",0.0,0.843,0.157,-0.5473
463,@CBS,Tim Sherman,Fri Sep 22 04:34:41 +0000 2017,"RT @faagifts: Hannity 9/21/17 | Hannity Fox News September 21, 2017 https://t.co/4zmcG9tVow via @YouTube @CNN @ABC @CBS ''LIBERALS ARE STIL…",0.0,1.0,0.0,0.0
464,@CBS,"Efrain R., BSN,RN",Fri Sep 22 04:34:37 +0000 2017,"@CBS Other than the original, which I only liked, I LOVED all Star Trek shows. This new one is one I'll watch for sure.",0.401,0.599,0.0,0.9008
465,@CBS,Tim Sherman,Fri Sep 22 04:34:36 +0000 2017,"RT @faagifts: Hannity 9/21/17 | Hannity Fox News September 21, 2017 https://t.co/4zmcG9tVow via @YouTube @CNN @ABC @CBS ==CNN=HILLARY=ABC-C…",0.0,1.0,0.0,0.0
466,@CBS,Jason Williams,Fri Sep 22 04:34:33 +0000 2017,@CBS @JKCorden @AlecBaldwin Least watched - no longer TVs biggest night. That's what the super bowl and World Series are for.,0.162,0.747,0.091,0.4019
467,@CBS,Tim Sherman,Fri Sep 22 04:34:23 +0000 2017,"RT @faagifts: Hannity 9/21/17 | Hannity Fox News September 21, 2017 https://t.co/4zmcG9tVow via @YouTube @CNN @ABC @CBS ==WILL NOT TELL U T…",0.0,1.0,0.0,0.0
468,@CBS,Tim Sherman,Fri Sep 22 04:34:20 +0000 2017,"RT @faagifts: Hannity 9/21/17=Hannity Fox News September 21, 2017 https://t.co/4zmcG9tVow via @YouTube @CNN @ABC @CBS @MSNBC ''LIBERALS=HIL…",0.0,1.0,0.0,0.0
469,@CBS,Steve Beverly,Fri Sep 22 04:33:15 +0000 2017,60 years ago today....Wes Harrison and his magic vocal imitations on 'Captain Kangaroo' with Bob Keeshan and Lumpy Brannum live on @CBS.,0.0,1.0,0.0,0.0
470,@CBS,?ess Lightwood-El,Fri Sep 22 04:33:14 +0000 2017,RT @MissBrneyes: After that finale if we don't get a S4 I'm going off like Troys dog. #ZooCbs #RenewZoo @CBSTVStudios @CBS,0.116,0.884,0.0,0.3612
471,@CBS,Jason Williams,Fri Sep 22 04:33:12 +0000 2017,@CBS maybe you can get Thursday's (9/21) Evening News on All Access? -hopefully you can get things figured out before new shows air.,0.109,0.891,0.0,0.4019
472,@CBS,D. Fucile,Fri Sep 22 04:31:48 +0000 2017,"RT @SusanStormXO: ?NEW LOGO OF #MSM ?

SMELL SH?T
Shoveled Fresh
Its all we serve @CNN @ABC @NBCNews @maddow @CBS 
Fresh Hot Piles of Poo D…",0.167,0.833,0.0,0.5574
473,@CBS,Steve Beverly,Fri Sep 22 04:31:46 +0000 2017,60 years ago today....Last show of the series for 'The Big Top' after six years live on @CBS from Philadelphia.,0.087,0.913,0.0,0.2023
474,@CBS,?ess Lightwood-El,Fri Sep 22 04:30:40 +0000 2017,RT @fmfile1: #RenewZoo #ZooCbs @CBSTVStudios @CBS https://t.co/C4aCjTXAYb,0.0,1.0,0.0,0.0
475,@CBS,Jerome Anthony,Fri Sep 22 04:30:10 +0000 2017,.@CBS To whoever is responsible for cancelling/renewing TV shows PLEASE do not cancel salvation…Excellent show https://t.co/iusgKAigty,0.352,0.648,0.0,0.7247
476,@CBS,Muddles,Fri Sep 22 04:27:57 +0000 2017,@CNN @CBS @ABC @NBCNews #omg @TheJuanWilliams said the retard word while laughing on the @TheFive What do you think @JessicaTarlov fire him?,0.114,0.679,0.207,-0.3818
477,@CBS,Pat Johnson,Fri Sep 22 04:27:40 +0000 2017,"RT @faagifts: @realDonaldTrump  @RepMaxineWaters @CNN @ABC @CBS @NBC @MSNBC @FoxNews @foxandfriends  ''READ,,READ, READ!!  (((RE-TWEET=VIRA…",0.0,1.0,0.0,0.0
478,@CBS,Brian Patrick???,Fri Sep 22 04:27:33 +0000 2017,@SusanStormXO @CNN @ABC @NBCNews @maddow @CBS @CB618444 @Vote2MAGA_DJT @starcrosswolf @AliciaTolbert @StacyLStiles… https://t.co/2qr7zlZ8cp,0.0,1.0,0.0,0.0
479,@CBS,PoliticsSportsMusic,Fri Sep 22 04:27:02 +0000 2017,Weaving thru late night shows. Painful. No Johnny Carsons here. Even @espn seems like an 80s talk show. Time for change. @nbc @cbs @abc,0.087,0.734,0.178,-0.3818
480,@CBS,Brian Patrick???,Fri Sep 22 04:26:47 +0000 2017,"RT @SusanStormXO: ?NEW LOGO OF #MSM ?

SMELL SH?T
Shoveled Fresh
Its all we serve @CNN @ABC @NBCNews @maddow @CBS 
Fresh Hot Piles of Poo D…",0.167,0.833,0.0,0.5574
